IE_XML_ID;IE_NAME;IE_ID;IE_ACTIVE;IE_ACTIVE_FROM;IE_ACTIVE_TO;IE_PREVIEW_PICTURE;IE_PREVIEW_TEXT;IE_PREVIEW_TEXT_TYPE;IE_DETAIL_PICTURE;IE_DETAIL_TEXT;IE_DETAIL_TEXT_TYPE;IE_CODE;IE_SORT;IE_TAGS;IP_PROP239;IP_PROP240;IP_PROP241;IP_PROP242;IP_PROP243;IP_PROP244;IP_PROP245;IP_PROP246;IP_PROP247;IP_PROP248;IP_PROP249;IP_PROP340;IP_PROP412;IC_GROUP0;IC_GROUP1;IC_GROUP2
5208;Броды, ул. Богуна, 1;5208;Y;;;;;text;;;text;brody-ul-boguna-1;500;;[HTML]г. Броды, ул. Ивана Богуна, 1;(097) 758 36 62;;t.fedorishin@avmg.com.ua;50.0920;25.161021;Да;4274;554;;4507;;;;;
5209;Винница, ул. Киевская, 78;5209;Y;;;;;text;;;text;vinnitsa-ul-kievskaya-78;500;;[HTML]г. Винница, ул. Киевская, 78;(0432) 55 68 00 (01);;;49.2522;28.4754460;Да;4076;543;;4507;;;;;
5210;Каменское, ул. Сичеславский шлях, 214;5210;Y;;;;;text;;;text;kamenskoe-ul-sicheslavskiy-shlyakh-214;500;;[HTML]г. Каменское, ул. Сичеславский шлях, 214 (бывшая Днепропетровская);;;;48.4828;34.6754714;Да;4103;545;;4507;;;;;
5211;Житомир, ул. Сергея Параджанова, 62;5211;Y;;;;;text;;;text;zhitomir-ul-sergeya-paradzhanova-62;500;;[HTML]г. Житомир, ул. Сергея Параджанова, 62 (бывшая ул. Баранова);(0412) 42 76 29 (07);;;50.2641;28.7157385;Да;4152;547;;4507;;;;;
5211;Житомир, ул. Сергея Параджанова, 62;5211;Y;;;;;text;;;text;zhitomir-ul-sergeya-paradzhanova-62;500;;[HTML]г. Житомир, ул. Сергея Параджанова, 62 (бывшая ул. Баранова);(0412) 42 76 29 (07);;;50.2641;28.7157385;Да;4152;547;;4510;;;;;
5211;Житомир, ул. Сергея Параджанова, 62;5211;Y;;;;;text;;;text;zhitomir-ul-sergeya-paradzhanova-62;500;;[HTML]г. Житомир, ул. Сергея Параджанова, 62 (бывшая ул. Баранова);(067) 622 19 44;;;50.2641;28.7157385;Да;4152;547;;4507;;;;;
5211;Житомир, ул. Сергея Параджанова, 62;5211;Y;;;;;text;;;text;zhitomir-ul-sergeya-paradzhanova-62;500;;[HTML]г. Житомир, ул. Сергея Параджанова, 62 (бывшая ул. Баранова);(067) 622 19 44;;;50.2641;28.7157385;Да;4152;547;;4510;;;;;
5212;Запорожье, Южное шоссе, 6;5212;Y;;;;;text;;;text;zaporozhe-yuzhnoe-shosse-6;500;;[HTML]г. Запорожье, Южное шоссе, 6;(061) 213 55 13;;;47.8634;35.1147036;Да;4175;549;;4507;;;;;
5212;Запорожье, Южное шоссе, 6;5212;Y;;;;;text;;;text;zaporozhe-yuzhnoe-shosse-6;500;;[HTML]г. Запорожье, Южное шоссе, 6;(061) 213 55 13;;;47.8634;35.1147036;Да;4175;549;;4508;;;;;
5212;Запорожье, Южное шоссе, 6;5212;Y;;;;;text;;;text;zaporozhe-yuzhnoe-shosse-6;500;;[HTML]г. Запорожье, Южное шоссе, 6;(061) 228 57 37;;;47.8634;35.1147036;Да;4175;549;;4507;;;;;
5212;Запорожье, Южное шоссе, 6;5212;Y;;;;;text;;;text;zaporozhe-yuzhnoe-shosse-6;500;;[HTML]г. Запорожье, Южное шоссе, 6;(061) 228 57 37;;;47.8634;35.1147036;Да;4175;549;;4508;;;;;
5212;Запорожье, Южное шоссе, 6;5212;Y;;;;;text;;;text;zaporozhe-yuzhnoe-shosse-6;500;;[HTML]г. Запорожье, Южное шоссе, 6;(061) 228 57 36;;;47.8634;35.1147036;Да;4175;549;;4507;;;;;
5212;Запорожье, Южное шоссе, 6;5212;Y;;;;;text;;;text;zaporozhe-yuzhnoe-shosse-6;500;;[HTML]г. Запорожье, Южное шоссе, 6;(061) 228 57 36;;;47.8634;35.1147036;Да;4175;549;;4508;;;;;
5214;Ивано-Франковск, ул.Автоливмашивская, 2А;5214;Y;;;;;text;;;text;ivano-frankovsk-ul-avtolivmashivskaya-2a;500;;[HTML]г. Ивано-Франковск, ул.Автоливмашивская, 2А;(0342) 78 74 65;;;48.8957;24.7479594;Да;4189;550;;4507;;;;;
5214;Ивано-Франковск, ул.Автоливмашивская, 2А;5214;Y;;;;;text;;;text;ivano-frankovsk-ul-avtolivmashivskaya-2a;500;;[HTML]г. Ивано-Франковск, ул.Автоливмашивская, 2А;(0342) 78 74 25;;;48.8957;24.7479594;Да;4189;550;;4507;;;;;
5215;Каменец - Подольский, ул. Маршала Харченко, 24;5215;Y;;;;;text;;;text;kamenets-podolskiy-ul-marshala-kharchenko-24;500;;[HTML]г. Каменец - Подольский, ул. Маршала Харченко, 24;;;;48.6603;26.599709;Да;4413;563;;4507;;;;;
5215;Каменец - Подольский, ул. Маршала Харченко, 24;5215;Y;;;;;text;;;text;kamenets-podolskiy-ul-marshala-kharchenko-24;500;;[HTML]г. Каменец - Подольский, ул. Маршала Харченко, 24;;;;48.6603;26.599709;Да;4413;563;;4510;;;;;
5216;г. Вишневое, ул. Киевская, 8;5216;Y;;;;;text;;;text;g-vishnevoe-ul-kievskaya-8;500;;[HTML]Киевская обл., г. Вишневое, ул. Киевская, 8;;;;50.3837;30.3441215;Да;4207;551;;4507;;;;;
5217;Киев, ул.Вискозная, 32;5217;Y;;;;;text;;;text;kiev-ul-viskoznaya-32;500;;[HTML]г. Киев, ул.Вискозная, 32;(044) 498 60 20 (21, 22, 24, 26);;;50.4527;30.656213;Да;4211;551;;4507;;;;;
5217;Киев, ул.Вискозная, 32;5217;Y;;;;;text;;;text;kiev-ul-viskoznaya-32;500;;[HTML]г. Киев, ул.Вискозная, 32;(044) 498 60 20 (21, 22, 24, 26);;;50.4527;30.656213;Да;4211;551;;4508;;;;;
5217;Киев, ул.Вискозная, 32;5217;Y;;;;;text;;;text;kiev-ul-viskoznaya-32;500;;[HTML]г. Киев, ул.Вискозная, 32;(044) 498 60 20 (21, 22, 24, 26);;;50.4527;30.656213;Да;4211;551;;4512;;;;;
5217;Киев, ул.Вискозная, 32;5217;Y;;;;;text;;;text;kiev-ul-viskoznaya-32;500;;[HTML]г. Киев, ул.Вискозная, 32;(044) 498 60 20 (21, 22, 24, 26);;;50.4527;30.656213;Да;4211;551;;4511;;;;;
5217;Киев, ул.Вискозная, 32;5217;Y;;;;;text;;;text;kiev-ul-viskoznaya-32;500;;[HTML]г. Киев, ул.Вискозная, 32;(044) 498 60 20 (21, 22, 24, 26);;;50.4527;30.656213;Да;4211;551;;4510;;;;;
5219;Кропивницкий, ул. Мурманская, 41;5219;Y;;;;;text;;;text;kropivnitskiy-ul-murmanskaya-41;500;;[HTML]г. Кропивницкий, ул. Мурманская, 41;(0522) 36 58 68;;;48.5084;32.1926719;Да;5565;552;;4507;;;;;
5219;Кропивницкий, ул. Мурманская, 41;5219;Y;;;;;text;;;text;kropivnitskiy-ul-murmanskaya-41;500;;[HTML]г. Кропивницкий, ул. Мурманская, 41;(067) 634 09 62;;;48.5084;32.1926719;Да;5565;552;;4507;;;;;
5219;Кропивницкий, ул. Мурманская, 41;5219;Y;;;;;text;;;text;kropivnitskiy-ul-murmanskaya-41;500;;[HTML]г. Кропивницкий, ул. Мурманская, 41;(099) 666 34 03;;;48.5084;32.1926719;Да;5565;552;;4507;;;;;
5220;Ковельский р-н, с. Дубовое, ул. Кутузова, 27;5220;Y;;;;;text;;;text;kovelskiy-r-n-s-dubovoe-ul-kutuzova-27;500;;[HTML]Ковельский р-н, с. Дубовое, ул. Кутузова, 27;(067) 520 93 42;;;51.2450;24.7001911;Да;5575;544;;4507;;;;;
5221;Кременчуг, ул. Леонова, 96;5221;Y;;;;;text;;;text;kremenchug-ul-leonova-96;500;;[HTML]г. Кременчуг, ул. Леонова, 96;(067) 604 64 44;;;49.0834;33.4424049;Да;4331;557;;4507;;;;;
5222;Кривой Рог, ул. Окружная, 127/50;5222;Y;;;;;text;;;text;krivoy-rog-ul-okruzhnaya-127-50;500;;[HTML]г. Кривой Рог, ул. Окружная, 127/50;(056) 404 11 84 ;;;47.9273;33.3152565;Да;4106;545;;4507;;;;;
5222;Кривой Рог, ул. Окружная, 127/50;5222;Y;;;;;text;;;text;krivoy-rog-ul-okruzhnaya-127-50;500;;[HTML]г. Кривой Рог, ул. Окружная, 127/50;(056) 404 11 85;;;47.9273;33.3152565;Да;4106;545;;4507;;;;;
5222;Кривой Рог, ул. Окружная, 127/50;5222;Y;;;;;text;;;text;krivoy-rog-ul-okruzhnaya-127-50;500;;[HTML]г. Кривой Рог, ул. Окружная, 127/50;(056) 404 11 86;;;47.9273;33.3152565;Да;4106;545;;4507;;;;;
5223;Луцк, ул. Ровенская, 76-а;5223;Y;;;;;text;;;text;lutsk-ul-rovenskaya-76-a;500;;[HTML]г. Луцк, ул. Ровенская, 76-а;(067) 610 27 84;;;50.7434;25.3850230;Да;4095;544;;4507;;;;;
5224;Львов, ул. Навроцкого, 1;5224;Y;;;;;text;;;text;lvov-ul-navrotskogo-1;500;;[HTML]г. Львов, ул. Навроцкого, 1;(032) 245 01 20;;;49.8115;24.0472940;Да;4286;554;;4507;;;;;
5224;Львов, ул. Навроцкого, 1;5224;Y;;;;;text;;;text;lvov-ul-navrotskogo-1;500;;[HTML]г. Львов, ул. Навроцкого, 1;(032) 245 01 20;;;49.8115;24.0472940;Да;4286;554;;4508;;;;;
5224;Львов, ул. Навроцкого, 1;5224;Y;;;;;text;;;text;lvov-ul-navrotskogo-1;500;;[HTML]г. Львов, ул. Навроцкого, 1;(032) 245 01 20;;;49.8115;24.0472940;Да;4286;554;;4509;;;;;
5224;Львов, ул. Навроцкого, 1;5224;Y;;;;;text;;;text;lvov-ul-navrotskogo-1;500;;[HTML]г. Львов, ул. Навроцкого, 1;(032) 245 01 20;;;49.8115;24.0472940;Да;4286;554;;4511;;;;;
5224;Львов, ул. Навроцкого, 1;5224;Y;;;;;text;;;text;lvov-ul-navrotskogo-1;500;;[HTML]г. Львов, ул. Навроцкого, 1;(032) 245 01 20;;;49.8115;24.0472940;Да;4286;554;;4510;;;;;
5224;Львов, ул. Навроцкого, 1;5224;Y;;;;;text;;;text;lvov-ul-navrotskogo-1;500;;[HTML]г. Львов, ул. Навроцкого, 1;(032) 245 00 85;;;49.8115;24.0472940;Да;4286;554;;4507;;;;;
5224;Львов, ул. Навроцкого, 1;5224;Y;;;;;text;;;text;lvov-ul-navrotskogo-1;500;;[HTML]г. Львов, ул. Навроцкого, 1;(032) 245 00 85;;;49.8115;24.0472940;Да;4286;554;;4508;;;;;
5224;Львов, ул. Навроцкого, 1;5224;Y;;;;;text;;;text;lvov-ul-navrotskogo-1;500;;[HTML]г. Львов, ул. Навроцкого, 1;(032) 245 00 85;;;49.8115;24.0472940;Да;4286;554;;4509;;;;;
5224;Львов, ул. Навроцкого, 1;5224;Y;;;;;text;;;text;lvov-ul-navrotskogo-1;500;;[HTML]г. Львов, ул. Навроцкого, 1;(032) 245 00 85;;;49.8115;24.0472940;Да;4286;554;;4511;;;;;
5224;Львов, ул. Навроцкого, 1;5224;Y;;;;;text;;;text;lvov-ul-navrotskogo-1;500;;[HTML]г. Львов, ул. Навроцкого, 1;(032) 245 00 85;;;49.8115;24.0472940;Да;4286;554;;4510;;;;;
5225;Мариуполь, ул. Краснофлотская, 200;5225;Y;;;;;text;;;text;mariupol-ul-krasnoflotskaya-200;500;;[HTML]г. Мариуполь, ул. Краснофлотская, 200;;;;47.0935;37.4978775;Да;4137;546;;4507;;;;;
5226;Мелитополь, ул. Мичурина, 13;5226;Y;;;;;text;;;text;melitopol-ul-michurina-13;500;;[HTML]г. Мелитополь, ул. Мичурина, 13;(0619) 42 18 29;;;46.8544;35.3474159;Да;4177;549;;4507;;;;;
5227;Николаев, ул. 12-я Продольная, 51;5227;Y;;;;;text;;;text;nikolaev-ul-12-prodolnaya-51;500;;[HTML]г. Николаев, ул. 12-я Продольная, 51;;;;46.9440;32.0620685;Да;4305;555;;4507;;;;;
5228;Мукачево, ул. Фурманова, 21;5228;Y;;;;;text;;;text;mukachevo-ul-furmanova-21;500;;[HTML]г. Мукачево, вулиця Фурманова, 21;;;;48.4290;22.7035688;Да;4162;548;;4507;;;;;
5229;Новая Каховка, пр. Днепровский, 6;5229;Y;;;;;text;;;text;novaya-kakhovka-pr-dneprovskiy-6;500;;[HTML]г. Новая Каховка, пр. Днепровский, 6;(067) 446 40 58;;;46.7619;33.3610357;Да;4403;562;;4507;;;;;
5230;Нововолынск, ул. Шахтерская, 47;5230;Y;;;;;text;;;text;novovolynsk-ul-shakhterskaya-47;500;;[HTML]г. Нововолынск, ул. Шахтерская, 47;(067) 568 98 77;;;50.7372;24.1658809;Да;4097;544;;4507;;;;;
5231;Одесса, ул. Ленинградское шоссе, 5-а;5231;Y;;;;;text;;;text;odessa-ul-leningradskoe-shosse-5-a;500;;[HTML]г. Одесса, ул. Ленинградское шоссе, 5-а;(048) 734 91 10;;;46.4923;30.6623918;Да;4322;556;;4507;;;;;
5232;Покровск, ул. Аграрная, 1;5232;Y;;;;;text;;;text;pokrovsk-ul-agrarnaya-1;500;;[HTML]г. Покровск, ул. Аграрная, 1;;;;48.2809;37.179356;Да;4134;546;;4507;;;;;
5233;Полтава, ул. Ковпака, 37б;5233;Y;;;;;text;;;text;poltava-ul-kovpaka-37b;500;;[HTML]г. Полтава, ул. Ковпака, 37б;(0532) 61 08 68;;;49.5955;34.4929602;Да;4338;557;;4507;;;;;
5234;Ровно, ул. Бахарева, 23;5234;Y;;;;;text;;;text;rovno-ul-bakhareva-23;500;;[HTML]г. Ровно, ул. Бахарева, 23;(0362) 62 33 33;;;50.6319;26.2440606;Да;4350;558;;4507;;;;;
5235;Северодонецк, ул. Сметанина, 2б;5235;Y;;;;;text;;;text;severodonetsk-ul-smetanina-2b;500;;[HTML]г. Северодонецк, ул. Сметанина, 2б;;;;48.9539;38.4807831;Да;4264;553;;4507;;;;;
5236;Сумы, ул. Кировоградская, 2;5236;Y;;;;;text;;;text;sumy-ul-kirovogradskaya-2;500;;[HTML]г. Сумы, ул. Кировоградская, 2;(0542) 70 08 74;;;50.8966;34.8445790;Да;4362;559;;4507;;;;;
5236;Сумы, ул. Кировоградская, 2;5236;Y;;;;;text;;;text;sumy-ul-kirovogradskaya-2;500;;[HTML]г. Сумы, ул. Кировоградская, 2;(0542) 70 08 74;;;50.8966;34.8445790;Да;4362;559;;4510;;;;;
5237;Тернополь, ул. Полесская, 14;5237;Y;;;;;text;;;text;ternopol-ul-polesskaya-14;500;;[HTML]г. Тернополь, ул. Полесская, 14;;;;49.5719;25.6049485;Да;4378;560;;4507;;;;;
5238;Ужгород, ул. Болгарская, 3;5238;Y;;;;;text;;;text;uzhgorod-ul-bolgarskaya-3;500;;[HTML]г. Ужгород, ул. Болгарская, 3;;;;48.5940;22.3014338;Да;4167;548;;4507;;;;;
5239;Умань, ул. Энергетическая, 1;5239;Y;;;;;text;;;text;uman-ul-energeticheskaya-1;500;;[HTML]г. Умань, ул. Энергетическая, 1;(067) 393 05 17;;;48.7429;30.1935386;Да;4432;564;;4507;;;;;
5240;Харьков, ул. Вишневая, 40;5240;Y;;;;;text;;;text;kharkov-ul-vishnevaya-40;500;;[HTML]г. Харьков, ул. Вишневая, 40;(057) 714 84 34 (35);;;49.9609;36.2657212;Да;4397;561;;4507;;;;;
5240;Харьков, ул. Вишневая, 40;5240;Y;;;;;text;;;text;kharkov-ul-vishnevaya-40;500;;[HTML]г. Харьков, ул. Вишневая, 40;(057) 714 84 34 (35);;;49.9609;36.2657212;Да;4397;561;;4510;;;;;
5241;Херсон, ул. 20 Восточная, 31;5241;Y;;;;;text;;;text;kherson-ul-20-vostochnaya-31;500;;[HTML]г. Херсон, ул. 20 Восточная, 31;;;;46.6778;32.6830670;Да;4406;562;;4507;;;;;
5242;Хмельницкий, ул. Красовского, 6/1;5242;Y;;;;;text;;;text;khmelnitskiy-ul-krasovskogo-6-1;500;;[HTML]г. Хмельницкий, ул. Красовского, 6/1;(0382) 76 52 61;;;49.4161;27.0019916;Да;4419;563;;4507;;;;;
5242;Хмельницкий, ул. Красовского, 6/1;5242;Y;;;;;text;;;text;khmelnitskiy-ul-krasovskogo-6-1;500;;[HTML]г. Хмельницкий, ул. Красовского, 6/1;(0382) 76 43 59;;;49.4161;27.0019916;Да;4419;563;;4507;;;;;
5243;Хмельницкий, ул. Черновола, 88;5243;Y;;;;;text;;;text;khmelnitskiy-ul-chernovola-88;500;;[HTML]г. Хмельницкий, ул. Черновола, 88;;;;49.4092;27.0204216;Да;4419;563;;4507;;;;;
5244;Черкассы, пер. ХХ Партсъезда, 2;5244;Y;;;;;text;;;text;cherkassy-per-khkh-partsezda-2;500;;[HTML]г. Черкассы, пер. ХХ Партсъезда, 2;(0472) 64 93 49;;;49.4444;32.0597670;Да;4434;564;;4507;;;;;
5244;Черкассы, пер. ХХ Партсъезда, 2;5244;Y;;;;;text;;;text;cherkassy-per-khkh-partsezda-2;500;;[HTML]г. Черкассы, пер. ХХ Партсъезда, 2;(0472) 71 17 40;;;49.4444;32.0597670;Да;4434;564;;4507;;;;;
5244;Черкассы, пер. ХХ Партсъезда, 2;5244;Y;;;;;text;;;text;cherkassy-per-khkh-partsezda-2;500;;[HTML]г. Черкассы, пер. ХХ Партсъезда, 2;(0472) 71 18 40;;;49.4444;32.0597670;Да;4434;564;;4507;;;;;
5245;Черновцы, ул. Николаевская, 38;5245;Y;;;;;text;;;text;chernovtsy-ul-nikolaevskaya-38;500;;[HTML]г. Черновцы, ул. Николаевская, 38;;;;48.2578;25.9741615;Да;4463;566;;4507;;;;;
5246;Чернигов, ул. Циолковского, 9;5246;Y;;;;;text;;;text;chernigov-ul-tsiolkovskogo-9;500;;[HTML]г. Чернигов, ул. Циолковского, 9;(046) 261 61 32;;;51.4829;31.2624486;Да;4451;565;;4507;;;;;
5246;Чернигов, ул. Циолковского, 9;5246;Y;;;;;text;;;text;chernigov-ul-tsiolkovskogo-9;500;;[HTML]г. Чернигов, ул. Циолковского, 9;(046) 261 61 32;;;51.4829;31.2624486;Да;4451;565;;4510;;;;;
5247;Одесса, ул. Грушевского, 39 И;5247;Y;;;;;text;;;text;odessa-ul-grushevskogo-39-i;500;;[HTML]г. Одесса, ул. Грушевского, 39 И;(048) 729 63 48;;;46.4791;30.6919385;Да;4322;556;;4508;;;;;
5247;Одесса, ул. Грушевского, 39 И;5247;Y;;;;;text;;;text;odessa-ul-grushevskogo-39-i;500;;[HTML]г. Одесса, ул. Грушевского, 39 И;(048) 729 63 49;;;46.4791;30.6919385;Да;4322;556;;4508;;;;;
5248;Днепр, ул. Александра Оцупа, 21 А;5248;Y;;;;;text;;;text;dnepr-ul-aleksandra-otsupa-21-a;500;;[HTML]г. Днепр, ул. Александра Оцупа, 21 А (бывшая  ул. Комиссара Крылова);(056) 790 73 00;;;48.4955;35.1138100;Да;4104;545;;4508;;;;;
5248;Днепр, ул. Александра Оцупа, 21 А;5248;Y;;;;;text;;;text;dnepr-ul-aleksandra-otsupa-21-a;500;;[HTML]г. Днепр, ул. Александра Оцупа, 21 А (бывшая  ул. Комиссара Крылова);(056) 790 73 00;;;48.4955;35.1138100;Да;4104;545;;4512;;;;;
5248;Днепр, ул. Александра Оцупа, 21 А;5248;Y;;;;;text;;;text;dnepr-ul-aleksandra-otsupa-21-a;500;;[HTML]г. Днепр, ул. Александра Оцупа, 21 А (бывшая  ул. Комиссара Крылова);(056) 790 73 00;;;48.4955;35.1138100;Да;4104;545;;4507;;;;;
5249;Харьков, ул. Каштановая, 14;5249;Y;;;;;text;;;text;kharkov-ul-kashtanovaya-14;500;;[HTML]г. Харьков, ул. Каштановая, 14;(057) 714 24 68 (78);;;49.9576;36.2748180;Да;4397;561;;4508;;;;;
5249;Харьков, ул. Каштановая, 14;5249;Y;;;;;text;;;text;kharkov-ul-kashtanovaya-14;500;;[HTML]г. Харьков, ул. Каштановая, 14;(057) 714 24 68 (78);;;49.9576;36.2748180;Да;4397;561;;4512;;;;;
5249;Харьков, ул. Каштановая, 14;5249;Y;;;;;text;;;text;kharkov-ul-kashtanovaya-14;500;;[HTML]г. Харьков, ул. Каштановая, 14;(067) 524 02 32;;;49.9576;36.2748180;Да;4397;561;;4508;;;;;
5249;Харьков, ул. Каштановая, 14;5249;Y;;;;;text;;;text;kharkov-ul-kashtanovaya-14;500;;[HTML]г. Харьков, ул. Каштановая, 14;(067) 524 02 32;;;49.9576;36.2748180;Да;4397;561;;4512;;;;;
5250;Черкассы, ул. Сурикова, 10;5250;Y;;;;;text;;;text;cherkassy-ul-surikova-10;500;;[HTML]г. Черкассы, ул. Сурикова, 10;(0472) 64 93 49;;;49.3940;32.0542109;Да;4434;564;;4508;;;;;
5250;Черкассы, ул. Сурикова, 10;5250;Y;;;;;text;;;text;cherkassy-ul-surikova-10;500;;[HTML]г. Черкассы, ул. Сурикова, 10;(0472) 71 17 40;;;49.3940;32.0542109;Да;4434;564;;4508;;;;;
5250;Черкассы, ул. Сурикова, 10;5250;Y;;;;;text;;;text;cherkassy-ul-surikova-10;500;;[HTML]г. Черкассы, ул. Сурикова, 10;(0472) 71 18 40;;;49.3940;32.0542109;Да;4434;564;;4508;;;;;
5251;Днепр, ул. Александра Оцупа, 18 б;5251;Y;;;;;text;;;text;dnepr-ul-aleksandra-otsupa-18-b;500;;[HTML]г. Днепр, ул. Александра Оцупа, 18 б (бывшая  ул. Комиссара Крылова);(056) 790 73 00;;;48.4838;35.1036143;Да;4104;545;;4507;;;;;
5252;Днепр, ул. Квитки-Основьяненко, 5;5252;Y;;;;;text;;;text;dnepropetrovsk-ul-kvitki-osnovyanenko-5;500;;[HTML]г. Днепр, ул. Квитки-Основьяненко, 5;;;;48.4881;34.9645302;Да;4104;545;;4507;;;;;
5252;Днепр, ул. Квитки-Основьяненко, 5;5252;Y;;;;;text;;;text;dnepropetrovsk-ul-kvitki-osnovyanenko-5;500;;[HTML]г. Днепр, ул. Квитки-Основьяненко, 5;;;;48.4881;34.9645302;Да;4104;545;;4511;;;;;
5252;Днепр, ул. Квитки-Основьяненко, 5;5252;Y;;;;;text;;;text;dnepropetrovsk-ul-kvitki-osnovyanenko-5;500;;[HTML]г. Днепр, ул. Квитки-Основьяненко, 5;;;;48.4881;34.9645302;Да;4104;545;;4510;;;;;
5253;Днепр, пр-т Богдана Хмельницкого, 122;5253;Y;;;;;text;;;text;dnepr-pr-t-bogdana-khmelnitskogo-122;500;;[HTML]г. Днепр, проспект  Богдана Хмельницкого, 122 (бывшая ул. Героев Сталинграда);(056) 790 01 22;;;48.4055;34.9998724;Да;4104;545;;4509;;;;;
5253;Днепр, пр-т Богдана Хмельницкого, 122;5253;Y;;;;;text;;;text;dnepr-pr-t-bogdana-khmelnitskogo-122;500;;[HTML]г. Днепр, проспект  Богдана Хмельницкого, 122 (бывшая ул. Героев Сталинграда);(056) 790 01 22;;;48.4055;34.9998724;Да;4104;545;;4511;;;;;
5254;Харьков, ул. Матросова, 2а;5254;Y;;;;;text;;;text;kharkov-ul-matrosova-2a;500;;[HTML]г. Харьков, ул. Матросова, 2а;(057) 714 24 85;;;49.9564;36.2614955;Да;4397;561;;4511;;;;;
5254;Харьков, ул. Матросова, 2а;5254;Y;;;;;text;;;text;kharkov-ul-matrosova-2a;500;;[HTML]г. Харьков, ул. Матросова, 2а;(057) 714 24 85;;;49.9564;36.2614955;Да;4397;561;;4510;;;;;
5255;Херсон, ул. Тираспольская, 1;5255;Y;;;;;text;;;text;kherson-ul-tiraspolskaya-1;500;;[HTML]г. Херсон, ул. Тираспольская, 1;(067) 693 06 69;;;46.6458;32.6187340;Да;4406;562;;4511;;;;;
5256;Днепр, пр-т Богдана Хмельницкого, 148 А;5256;Y;;;;;text;;;text;dnepr-pr-t-bogdana-khmelnitskogo-148-a;500;;[HTML]г. Днепр, проспект Богдана Хмельницкого, 148 А (бывшая ул. Героев Сталинграда) ;(067) 611 71 03;;;48.3944;34.9997243;нет;4104;545;;4507;;;;;
5257;Днепр, ул.Нижнеднепровская,11;5257;Y;;;;;text;;;text;dnepr-ul-nizhnedneprovskaya-11;500;;[HTML]г. Днепр, ул. Нижнеднепровская, 11;(067) 520 67 75;;;48.5305;35.0284458;нет;4104;545;;4507;;;;;
5258;Днепр, ул. Лейтенанта Роя, 30;5258;Y;;;;;text;;;text;dnepr-ul-leytenanta-roya-30;500;;[HTML]г. Днепр, ул. Лейтенанта Роя, 30;(067) 693 05 95;;;48.5190;34.9528825;нет;4104;545;;4507;;;;;
5265;Днепр, пр-т Мануйловский, 18 б;5265;Y;;;;;text;;;text;dnepr-pr-t-manuylovskiy-18-b;500;;[HTML]г. Днепр, проспект Мануйловский, 18 б (бывший пр-т Воронцова);(096) 215 77 70;;;48.4917;35.0501560;нет;4104;545;;4507;;;;;
5265;Днепр, пр-т Мануйловский, 18 б;5265;Y;;;;;text;;;text;dnepr-pr-t-manuylovskiy-18-b;500;;[HTML]г. Днепр, проспект Мануйловский, 18 б (бывший пр-т Воронцова);(096) 215 77 70;;;48.4917;35.0501560;нет;4104;545;;4510;;;;;
5266;Днепр, ул. Криворожская, 72;5266;Y;;;;;text;;;text;dnepr-ul-krivorozhskaya-72;500;;[HTML]г. Днепр, ул. Криворожская, 72;(067) 610 80 63;;;48.4415;34.9587015;нет;4104;545;;4507;;;;;
5267;Днепр, Запорожское шоссе, 63;5267;Y;;;;;text;;;text;dnepr-zaporozhskoe-shosse-63;500;;[HTML]г. Днепр, Запорожское шоссе, 63;(067) 522 23 57;;;48.4000;35.0393916;нет;4104;545;;4507;;;;;
5268;Днепр, ул. Каштановая, 13;5268;Y;;;;;text;;;text;dnepr-ul-kashtanovaya-13;500;;[HTML]г. Днепр, ул. Каштановая, 13;(067) 446 40 97;;;48.5026;35.0781844;нет;4104;545;;4507;;;;;
5269;Днепр, ул. Энергетическая, 15;5269;Y;;;;;text;;;text;dnepr-ul-energeticheskaya-15;500;;[HTML]г. Днепр, ул. Энергетическая, 15;(067) 693 05 96;;;48.4206;34.9995327;нет;4104;545;;4507;;;;;
5270;Днепрорудное, ул. Степная, 4;5270;Y;;;;;text;;;text;dneprorudnoe-ul-stepnaya-4;500;;[HTML]г. Днепрорудное, ул. Степная, 4;(067) 249 10 04;;;47.3853;35.0113666;нет;4174;549;;4507;;;;;
5271;Днепр, ул. Петрозаводская, 191;5271;Y;;;;;text;;;text;dnepropetrovsk-ul-petrozavodskaya-191;500;;[HTML]г. Днепр, ул. Петрозаводская, 191;(067) 522 23 05;;;48.5186;35.0114339;нет;4104;545;;4507;;;;;
5272;Каменка-Днепровская, пр-т 9 мая, 17;5272;Y;;;;;text;;;text;kamenka-dneprovskaya-pr-t-9-maya-17;500;;[HTML]г. Каменка-Днепровская, проспект 9 мая, 17;(067) 610 80 55;;;47.4944;34.408332;нет;4176;549;;4507;;;;;
5273;Новомосковск, пер. Парковый, 1;5273;Y;;;;;text;;;text;novomoskovsk-per-parkovyy-1;500;;[HTML]Новомосковск, пер. Парковый, 1;(067) 627 73 11;;;48.6300;35.2633070;нет;4109;545;;4507;;;;;
5274;Павлоград, ул. Днепровская, 172-А;5274;Y;;;;;text;;;text;pavlograd-ul-dneprovskaya-172-a;500;;[HTML]г. Павлоград, ул. Днепровская, 172-А;(067) 611 48 53;;;48.5232;35.8718308;нет;4111;545;;4507;;;;;
5275;Павлоград, ул. Харьковская, 12;5275;Y;;;;;text;;;text;pavlograd-ul-kharkovskaya-12;500;;[HTML]г. Павлоград, ул. Харьковская, 12;(067) 610 88 02;;;48.5331;35.8753453;нет;4111;545;;4507;;;;;
5276;Петропавловка, ул. Красная, 104;5276;Y;;;;;text;;;text;petropavlovka-ul-krasnaya-104;500;;[HTML]с. Петропавловка, ул. Красная, 104;(067) 560 85 25;;;49.7060;37.728568;нет;5580;561;;4507;;;;;
5276;Петропавловка, ул. Красная, 104;5276;Y;;;;;text;;;text;petropavlovka-ul-krasnaya-104;500;;[HTML]с. Петропавловка, ул. Красная, 104;(067) 560 85 25;;;49.7060;37.728568;нет;5580;561;;4510;;;;;
5277;Покровское, ул. Тельмана, 31;5277;Y;;;;;text;;;text;pokrovskoe-ul-telmana-31;500;;[HTML]пгт. Покровское, ул. Тельмана, 31;(063) 884 66 32;;;47.9821;36.232547;нет;5581;545;;4507;;;;;
5278;Синельниково, ул. Энгельса, 3;5278;Y;;;;;text;;;text;sinelnikovo-ul-engelsa-3;500;;[HTML]г. Синельниково, ул. Энгельса, 3;(067) 610 27 91;;;48.3204;35.5108944;нет;4116;545;;4507;;;;;
5279;Соленое, ул. Кирова, 36 А;5279;Y;;;;;text;;;text;solenoe-ul-kirova-36-a;500;;[HTML]пгт. Соленое, ул. Кирова, 36 А;(067) 353 57 10;;;48.2035;34.853941;нет;5584;545;;4507;;;;;
5280;Царичанка, ул. Кирова, 117/4;5280;Y;;;;;text;;;text;tsarichanka-ul-kirova-117-4;500;;[HTML]пгт. Царичанка, ул. Кирова, 117/4;(067) 543 34 03;;;48.9468;34.480296;нет;5587;545;;4507;;;;;
5281;Барышевка, ул. Ленина, 78;5281;Y;;;;;text;;;text;baryshevka-ul-lenina-78;500;;[HTML]пгт. Барышевка, ул.Ленина,78;(04595) 9 81 30;;;50.3668;31.319277;нет;5579;551;;4510;;;;;
5281;Барышевка, ул. Ленина, 78;5281;Y;;;;;text;;;text;baryshevka-ul-lenina-78;500;;[HTML]пгт. Барышевка, ул.Ленина,78;(04595) 9 81 30;;;50.3668;31.319277;нет;5579;551;;4507;;;;;
5282;Геническ, ул. Гоголя, 192;5282;Y;;;;;text;;;text;genichesk-ul-gogolya-192;500;;[HTML]г. Геническ, ул. Гоголя, 192;(067) 566 95 47;;;46.1747;34.7830635;нет;4400;562;;4510;;;;;
5282;Геническ, ул. Гоголя, 192;5282;Y;;;;;text;;;text;genichesk-ul-gogolya-192;500;;[HTML]г. Геническ, ул. Гоголя, 192;(067) 566 95 47;;;46.1747;34.7830635;нет;4400;562;;4507;;;;;
5283;Голая Пристань, ул. 1 Мая, 300;5283;Y;;;;;text;;;text;golaya-pristan-ul-1-maya-300;500;;[HTML]г. Голая Пристань, ул. 1 Мая, 300;(067) 642 71 40;;;46.5041;32.503208;нет;4401;562;;4510;;;;;
5283;Голая Пристань, ул. 1 Мая, 300;5283;Y;;;;;text;;;text;golaya-pristan-ul-1-maya-300;500;;[HTML]г. Голая Пристань, ул. 1 Мая, 300;(067) 642 71 40;;;46.5041;32.503208;нет;4401;562;;4507;;;;;
5284;Рени, ул. Рыбацкая, 16;5284;Y;;;;;text;;;text;reni-ul-rybatskaya-16;500;;[HTML]г. Рени, ул. Рыбацкая, 16;;;;46.4846;30.7326000;нет;5583;556;;4510;;;;;
5285;Сарны, ул. Белгородская, 27;5285;Y;;;;;text;;;text;sarny-ul-belgorodskaya-27;500;;[HTML]г. Сарны, ул. Белгородская, 27;;;;51.3367;26.6187488;нет;4351;558;;4510;;;;;
5285;Сарны, ул. Белгородская, 27;5285;Y;;;;;text;;;text;sarny-ul-belgorodskaya-27;500;;[HTML]г. Сарны, ул. Белгородская, 27;;;;51.3367;26.6187488;нет;4351;558;;4507;;;;;
5286;Бар, ул. Кривоноса, 64;5286;Y;;;;;text;;;text;bar-ul-krivonosa-64;500;;[HTML]г. Бар, ул. Максима Кривоноса, 64;;;;49.0851;27.669198;нет;4074;543;;4510;;;;;
5287;Макаров, ул. Ярослава Мудрого, 42;5287;Y;;;;;text;;;text;makarov-ul-lenina-42;500;;[HTML]пгт. Макаров, ул. Ярослава Мудрого (бывшая ул. Ленина), 42;;;;50.4499;29.809748;нет;5568;551;;4510;;;;;
5287;Макаров, ул. Ярослава Мудрого, 42;5287;Y;;;;;text;;;text;makarov-ul-lenina-42;500;;[HTML]пгт. Макаров, ул. Ярослава Мудрого (бывшая ул. Ленина), 42;;;;50.4499;29.809748;нет;5568;551;;4507;;;;;
5288;Котельва, ул. Мира, 28;5288;Y;;;;;text;;;text;kotelva-ul-mira-28;500;;[HTML]пгт. Котельва, ул. Мира, 28;(067) 639 05 84;;;50.0649;34.757651;нет;5564;557;;4510;;;;;
5288;Котельва, ул. Мира, 28;5288;Y;;;;;text;;;text;kotelva-ul-mira-28;500;;[HTML]пгт. Котельва, ул. Мира, 28;(067) 639 05 84;;;50.0649;34.757651;нет;5564;557;;4507;;;;;
5289;Цюрупинск, ул. Гвардейская, 73;5289;Y;;;;;text;;;text;tsyurupinsk-ul-gvardeyskaya-73;500;;[HTML]г. Цюрупинск, ул. Гвардейская, 73;(067) 568 09 19;;;46.6266;32.7317530;нет;4407;562;;4510;;;;;
5289;Цюрупинск, ул. Гвардейская, 73;5289;Y;;;;;text;;;text;tsyurupinsk-ul-gvardeyskaya-73;500;;[HTML]г. Цюрупинск, ул. Гвардейская, 73;(067) 568 09 19;;;46.6266;32.7317530;нет;4407;562;;4507;;;;;
5290;Золочев, ул. Львовская, 50;5290;Y;;;;;text;;;text;zolochev-ul-lvovskaya-50;500;;[HTML]г. Золочев, ул. Львовская, 50;(067) 627 72 99;;;49.8064;24.8751732;нет;4284;554;;4510;;;;;
5290;Золочев, ул. Львовская, 50;5290;Y;;;;;text;;;text;zolochev-ul-lvovskaya-50;500;;[HTML]г. Золочев, ул. Львовская, 50;(067) 627 72 99;;;49.8064;24.8751732;нет;4284;554;;4507;;;;;
5291;Шпола, ул. Лебединская, 4б;5291;Y;;;;;text;;"Строительный центр компании ""АВ металл групп"", включающий в себя, металлобазу и магазин строительных материалов.";html;shpola-ul-lebedinskaya-4b;500;;[HTML]г. Шпола, ул. Лебединская, 4б;+380 (67) 522-24-18;Металлобаза 8:00 -17:00 Пн-Пт. 8:00 - 14:00 Сб.\nСтроймаркет 8:00 - 18:00 Пн-Пт. 8:00 - 15:00 Сб. 8:00 - 13:00 Вс.;;49.0038;31.4128489;нет;4436;564;/upload/iblock/f53/shpola_ul_lebedinskaya_4b_1.jpg;4507;;Стройцентр;;;
5291;Шпола, ул. Лебединская, 4б;5291;Y;;;;;text;;"Строительный центр компании ""АВ металл групп"", включающий в себя, металлобазу и магазин строительных материалов.";html;shpola-ul-lebedinskaya-4b;500;;[HTML]г. Шпола, ул. Лебединская, 4б;+380 (67) 522-24-18;Металлобаза 8:00 -17:00 Пн-Пт. 8:00 - 14:00 Сб.\nСтроймаркет 8:00 - 18:00 Пн-Пт. 8:00 - 15:00 Сб. 8:00 - 13:00 Вс.;;49.0038;31.4128489;нет;4436;564;/upload/iblock/f53/shpola_ul_lebedinskaya_4b_1.jpg;4510;;Стройцентр;;;
5291;Шпола, ул. Лебединская, 4б;5291;Y;;;;;text;;"Строительный центр компании ""АВ металл групп"", включающий в себя, металлобазу и магазин строительных материалов.";html;shpola-ul-lebedinskaya-4b;500;;[HTML]г. Шпола, ул. Лебединская, 4б;+380 (67) 522-24-18;Металлобаза 8:00 -17:00 Пн-Пт. 8:00 - 14:00 Сб.\nСтроймаркет 8:00 - 18:00 Пн-Пт. 8:00 - 15:00 Сб. 8:00 - 13:00 Вс.;;49.0038;31.4128489;нет;4436;564;/upload/iblock/b65/shpola_ul_lebedinskaya_4b_2.jpg;4507;;Стройцентр;;;
5291;Шпола, ул. Лебединская, 4б;5291;Y;;;;;text;;"Строительный центр компании ""АВ металл групп"", включающий в себя, металлобазу и магазин строительных материалов.";html;shpola-ul-lebedinskaya-4b;500;;[HTML]г. Шпола, ул. Лебединская, 4б;+380 (67) 522-24-18;Металлобаза 8:00 -17:00 Пн-Пт. 8:00 - 14:00 Сб.\nСтроймаркет 8:00 - 18:00 Пн-Пт. 8:00 - 15:00 Сб. 8:00 - 13:00 Вс.;;49.0038;31.4128489;нет;4436;564;/upload/iblock/b65/shpola_ul_lebedinskaya_4b_2.jpg;4510;;Стройцентр;;;
5291;Шпола, ул. Лебединская, 4б;5291;Y;;;;;text;;"Строительный центр компании ""АВ металл групп"", включающий в себя, металлобазу и магазин строительных материалов.";html;shpola-ul-lebedinskaya-4b;500;;[HTML]г. Шпола, ул. Лебединская, 4б;+380 (67) 522-24-18;Металлобаза 8:00 -17:00 Пн-Пт. 8:00 - 14:00 Сб.\nСтроймаркет 8:00 - 18:00 Пн-Пт. 8:00 - 15:00 Сб. 8:00 - 13:00 Вс.;;49.0038;31.4128489;нет;4436;564;/upload/iblock/84c/shpola_ul_lebedinskaya_4b_3.jpg;4507;;Стройцентр;;;
5291;Шпола, ул. Лебединская, 4б;5291;Y;;;;;text;;"Строительный центр компании ""АВ металл групп"", включающий в себя, металлобазу и магазин строительных материалов.";html;shpola-ul-lebedinskaya-4b;500;;[HTML]г. Шпола, ул. Лебединская, 4б;+380 (67) 522-24-18;Металлобаза 8:00 -17:00 Пн-Пт. 8:00 - 14:00 Сб.\nСтроймаркет 8:00 - 18:00 Пн-Пт. 8:00 - 15:00 Сб. 8:00 - 13:00 Вс.;;49.0038;31.4128489;нет;4436;564;/upload/iblock/84c/shpola_ul_lebedinskaya_4b_3.jpg;4510;;Стройцентр;;;
5292;Александрия, Кировоградское шоссе, 157;5292;Y;;;;;text;;;text;aleksandriya-kirovogradskoe-shosse-157;500;;[HTML]Александрия, Кировоградское шоссе, 157;(067) 622 54 40;;;48.6650;33.076409;нет;4226;552;/upload/iblock/87f/dsc0329.jpg;4507;;;;;
5292;Александрия, Кировоградское шоссе, 157;5292;Y;;;;;text;;;text;aleksandriya-kirovogradskoe-shosse-157;500;;[HTML]Александрия, Кировоградское шоссе, 157;(067) 622 54 40;;;48.6650;33.076409;нет;4226;552;/upload/iblock/87f/dsc0329.jpg;4510;;;;;
5292;Александрия, Кировоградское шоссе, 157;5292;Y;;;;;text;;;text;aleksandriya-kirovogradskoe-shosse-157;500;;[HTML]Александрия, Кировоградское шоссе, 157;(067) 622 54 40;;;48.6650;33.076409;нет;4226;552;/upload/iblock/bcb/dsc0374_crop_u8122492.png;4507;;;;;
5292;Александрия, Кировоградское шоссе, 157;5292;Y;;;;;text;;;text;aleksandriya-kirovogradskoe-shosse-157;500;;[HTML]Александрия, Кировоградское шоссе, 157;(067) 622 54 40;;;48.6650;33.076409;нет;4226;552;/upload/iblock/bcb/dsc0374_crop_u8122492.png;4510;;;;;
5292;Александрия, Кировоградское шоссе, 157;5292;Y;;;;;text;;;text;aleksandriya-kirovogradskoe-shosse-157;500;;[HTML]Александрия, Кировоградское шоссе, 157;(067) 622 54 40;;;48.6650;33.076409;нет;4226;552;/upload/iblock/c44/dsc0382_crop_u812245.png;4507;;;;;
5292;Александрия, Кировоградское шоссе, 157;5292;Y;;;;;text;;;text;aleksandriya-kirovogradskoe-shosse-157;500;;[HTML]Александрия, Кировоградское шоссе, 157;(067) 622 54 40;;;48.6650;33.076409;нет;4226;552;/upload/iblock/c44/dsc0382_crop_u812245.png;4510;;;;;
5293;Ахтырка, ул. Горбушка, 26;5293;Y;;;;;text;;;text;akhtyrka-ul-gorbushka-26;500;;[HTML]г. Ахтырка, ул. Горбушка, 26;(097) 537 13 15;;;50.3146;34.922851;нет;4352;559;;4507;;;;;
5294;Ахтырка, ул. Сумская, 8;5294;Y;;;;;text;;;text;akhtyrka-ul-frunze-8;500;;[HTML]г. Ахтырка, ул. Сумская, 8 ;(067) 610 28 11;;;50.3144;34.9089741;нет;4352;559;;4507;;;;;
5295;Балаклея, ул. Геологическая, 61-А;5295;Y;;;;;text;;;text;balakleya-ul-geologicheskaya-61-a;500;;[HTML]Харьковская обл., г. Балаклея, ул.Геологическая, 61-А;(067) 610 28 03;;;49.4684;36.863401;нет;4382;561;;4507;;;;;
5295;Балаклея, ул. Геологическая, 61-А;5295;Y;;;;;text;;;text;balakleya-ul-geologicheskaya-61-a;500;;[HTML]Харьковская обл., г. Балаклея, ул.Геологическая, 61-А;(067) 610 28 03;;;49.4684;36.863401;нет;4382;561;;4510;;;;;
5296;Ивано-Франковская обл., с. Крыховцы, ул. 22 января, 2 б;5296;Y;;;;;text;;;text;ivano-frankovskaya-obl-s-krykhovtsy-ul-22-yanvarya-2-b;500;;[HTML]Ивано-Франковская обл., село Крыховцы, ул. 22 января, 2 б;(067) 485 53 70;;;48.9075;24.67938;нет;5574;550;;4507;;;;;
5297;Бахмач, ул. Ярослава Мудрого, 24;5297;Y;;;;;text;;;text;bakhmach-ul-yaroslava-mudrogo-24;500;;[HTML]г. Бахмач, ул. Ярослава Мудрого, 24;(067) 642 73 83;;;51.1804;32.8236387;нет;4437;565;;4507;;;;;
5297;Бахмач, ул. Ярослава Мудрого, 24;5297;Y;;;;;text;;;text;bakhmach-ul-yaroslava-mudrogo-24;500;;[HTML]г. Бахмач, ул. Ярослава Мудрого, 24;(067) 642 73 83;;;51.1804;32.8236387;нет;4437;565;;4510;;;;;
5298;Бахмут, ул. Независимости, 1а;5298;Y;;;;;text;;;text;bakhmut-ul-nezavisimosti-1a;500;;[HTML]г. Бахмут, ул. Независимости, 1а;(050) 221 53 53;;;48.5961;37.999572;нет;5544;546;;4507;;;;;
5299;Баштанка, ул. Театральная, 3;5299;Y;;;;;text;;;text;bashtanka-ul-teatralnaya-3;500;;[HTML]г. Баштанка, ул. Театральная, 3;(067) 642 70 22;;;47.4012;32.429694;нет;4303;555;;4507;;;;;
5299;Баштанка, ул. Театральная, 3;5299;Y;;;;;text;;;text;bashtanka-ul-teatralnaya-3;500;;[HTML]г. Баштанка, ул. Театральная, 3;(067) 642 70 22;;;47.4012;32.429694;нет;4303;555;;4510;;;;;
5300;Белая Церковь, ул. Сквырское шоссе, 29;5300;Y;;;;;text;;;text;belaya-tserkov-ul-skvyrskoe-shosse-29;500;;[HTML]г. Белая Церковь, ул. Сквырское шоссе, 29;(044) 498 60 20;;;49.7958;30.117269;нет;4199;551;;4507;;;;;
5301;Белая Церковь, ул. Таращанская, 197;5301;Y;;;;;text;;;text;belaya-tserkov-ul-tarashchanskaya-197;500;;[HTML]г. Белая Церковь, ул. Таращанская, 197;(044) 498 60 20;;;49.7647;30.12777;нет;4199;551;;4507;;;;;
5302;Белгород-Днестровский, ул. Школьная, 1а;5302;Y;;;;;text;;;text;belgorod-dnestrovskiy-ul-shkolnaya-1a;500;;[HTML]г. Белгород-Днестровский, ул. Школьная, 1а;(067) 611 71 04;;;46.1797;30.320602;нет;4315;556;;4507;;;;;
5303;Беляевка, ул. Ленина, 217-А;5303;Y;;;;;text;;;text;belyaeva-ul-lenina-217-a;500;;[HTML]г. Беляевка, ул. Ленина, 217-А;;;;46.4752;30.215922;нет;5542;556;;4507;;;;;
5304;Бердичев, ул. Короленко, 41/1;5304;Y;;;;;text;;;text;berdichev-ul-korolenko-41-1;500;;[HTML]г. Бердичев, ул. Короленко, 41/1;(067) 565 01 81;;;49.9007;28.596466;нет;4151;547;;4507;;;;;
5305;Бердичев, ул. Житомирская, 98/2;5305;Y;;;;;text;;;text;berdichev-ul-zhitomirskaya-98-2;500;;[HTML]г. Бердичев, ул. Житомирская, 98/2;(067) 567 40 30;;;49.9237;28.601245;нет;4151;547;;4507;;;;;
5305;Бердичев, ул. Житомирская, 98/2;5305;Y;;;;;text;;;text;berdichev-ul-zhitomirskaya-98-2;500;;[HTML]г. Бердичев, ул. Житомирская, 98/2;(067) 567 40 30;;;49.9237;28.601245;нет;4151;547;;4510;;;;;
5306;Бердянск, пр. Восточный, 103;5306;Y;;;;;text;;;text;berdyansk-per-vostochnyy-103;500;;[HTML]г. Бердянск, проспект Восточный, 103;;;;46.7575;36.804067;нет;4170;549;;4507;;;;;
5307;Берегово, ул. Б. Хмельницкого, 118;5307;Y;;;;;text;;;text;beregovo-ul-b-khmelnitskogo-118;500;;[HTML]г. Берегово, ул. Богдана Хмельницкого, 118;;;;48.1981;22.622121;нет;4159;548;;4507;;;;;
5308;Бережаны, ул. Шевченко, 55;5308;Y;;;;;text;;;text;berezhany-ul-shevchenko-55;500;;[HTML]г. Бережаны, ул. Тараса Шевченко, 55;(067) 523 26 87;;;49.8077;24.1336112;нет;4365;560;;4507;;;;;
5309;Березовка, ул. Пристанционная, 17А;5309;Y;;;;;text;;;text;berezovka-ul-pristantsionnaya-17a;500;;[HTML]г. Березовка, ул. Пристанционная, 17А;;;;47.1949;30.939748;нет;5543;556;;4507;;;;;
5310;Бершадь, ул. Василия Думанского, 37;5310;Y;;;;;text;;;text;bershad-ul-krasnaya-37;500;;[HTML]г. Бершадь, ул. Василия Думанского, 37 (ул. Красная);(067) 642 73 82;;;48.3614;29.513637;нет;4075;543;;4507;;;;;
5311;Богодухов, ул. Шевченко, 19;5311;Y;;;;;text;;;text;bogodukhov-ul-shevchenko-19;500;;[HTML]г. Богодухов, ул. Шевченко, 19;(067) 568 23 24;;;50.1601;35.5186272;нет;4384;561;;4507;;;;;
5312;Богуслав, ул. Николаевская, 121;5312;Y;;;;;text;;;text;boguslav-ul-nikolaevskaya-121;500;;[HTML]г. Богуслав, ул. Николаевская, 121 ;(067) 565 11 57;;;49.5314;30.885499;нет;4201;551;;4507;;;;;
5312;Богуслав, ул. Николаевская, 121;5312;Y;;;;;text;;;text;boguslav-ul-nikolaevskaya-121;500;;[HTML]г. Богуслав, ул. Николаевская, 121 ;(067) 565 11 57;;;49.5314;30.885499;нет;4201;551;;4510;;;;;
5313;Болград, ул. Измайловская, 81;5313;Y;;;;;text;;;text;bolgrad-ul-oktyabrskaya-81;500;;[HTML]г. Болград, ул. Измайловская, 81 (бывшая ул. Октябрьская);(067) 693 06 43;;;45.6776;28.624826;нет;4316;556;;4507;;;;;
5314;Борислав, ул. Шевченко, 142;5314;Y;;;;;text;;;text;borislav-ul-shevchenko-142;500;;[HTML]г. Борислав, ул. Шевченко, 142;(067) 566 95 39;;;49.2793;23.409378;нет;4273;554;;4507;;;;;
5315;Борисполь, ул. Январская, 1;5315;Y;;;;;text;;;text;borispol-ul-yanvarskaya-1;500;;[HTML]г. Борисполь, ул. Январская, 1;(04595) 9 81 30;;;50.3556;30.9353115;нет;4202;551;;4507;;;;;
5316;Борисполь, ул. Броварская, 46;5316;Y;;;;;text;;;text;borispol-ul-brovarskaya-46;500;;[HTML]г. Борисполь, ул. Броварская, 46;(044) 498 60 20;;;50.3717;30.9243190;нет;4202;551;;4507;;;;;
5317;Бортничи, ул. Автотранспортная, 4;5317;Y;;;;;text;;;text;bortnichi-ul-avtotransportnaya-4;500;;[HTML]г. Бортничи, ул. Автотранспортная, 4;(067) 445 37 89;;;50.3739;30.701524;нет;5548;551;;4507;;;;;
5318;Борщев, ул. Ярослава Кондри, 8;5318;Y;;;;;text;;;text;borshchev-ul-kondri-8;500;;[HTML]село Борщёв, ул.  Ярослава Кондри, 8;(067) 541 43 03;;;48.8056;26.0293795;нет;4366;560;;4507;;;;;
5319;Боярка, ул. Маяковского, 49;5319;Y;;;;;text;;;text;boyarka-ul-mayakovskogo-49;500;;[HTML]г. Боярка, ул. Маяковского, 49;(044) 498 60 20;;;50.3487;30.2859175;нет;4203;551;;4507;;;;;
5320;Бровары, ул. Сергея Москаленко, 16г;5320;Y;;;;;text;;;text;brovary-ul-krasovskogo-16g;500;;[HTML]г. Бровары, ул. Сергея Москаленко, 16 (бывшая ул. Красовского);(044) 498 60 20;;;50.5063;30.82665;нет;4204;551;;4507;;;;;
5320;Бровары, ул. Сергея Москаленко, 16г;5320;Y;;;;;text;;;text;brovary-ul-krasovskogo-16g;500;;[HTML]г. Бровары, ул. Сергея Москаленко, 16 (бывшая ул. Красовского);(044) 498 60 20;;;50.5063;30.82665;нет;4204;551;;4510;;;;;
5321;Бровары, бульв. Независимости, 24;5321;Y;;;;;text;;;text;brovary-bulv-nezavisimosti-24;500;;[HTML]г. Бровары, бульвар Независимости, 24;(044) 498 60 20;;;50.5207;30.8057537;нет;4204;551;;4507;;;;;
5322;Броды, ул. Йозефа Рота, 50;5322;Y;;;;;text;;;text;brody-ul-yozefa-rota-50;500;;[HTML]г. Броды, ул. Йозефа Рота, 50;(067) 520 67 74;;;50.0717;25.141985;нет;4274;554;;4507;;;;;
5323;Буск, ул. Е. Петрушевича, 26;5323;Y;;;;;text;;;text;busk-ul-e-petrushevicha-26;500;;[HTML]г. Буск, ул. Евгения Петрушевича, 26;(067) 610 81 86;;;49.9642;24.6111717;нет;4275;554;;4507;;;;;
5324;Буча, ул. Депутатская, 1а;5324;Y;;;;;text;;;text;bucha-ul-deputatskaya-1a;500;;[HTML]г. Буча, ул. Депутатская, 1а;(044) 498 60 20;;;50.5448;30.194856;нет;4205;551;;4507;;;;;
5324;Буча, ул. Депутатская, 1а;5324;Y;;;;;text;;;text;bucha-ul-deputatskaya-1a;500;;[HTML]г. Буча, ул. Депутатская, 1а;(044) 498 60 20;;;50.5448;30.194856;нет;4205;551;;4510;;;;;
5325;Бучач, ул. Галицкая, 155;5325;Y;;;;;text;;;text;buchach-ul-galitskaya-155;500;;[HTML]г. Бучач, ул. Галицкая, 155;;;;49.0611;25.374532;нет;4367;560;;4507;;;;;
5326;Валки, ул. 1 Мая, 2;5326;Y;;;;;text;;;text;valki-ul-1-maya-2;500;;[HTML]г. Валки, ул. 1 Мая, 2;(067) 249 09 97;;;49.8370;35.6144370;нет;4385;561;;4507;;;;;
5326;Валки, ул. 1 Мая, 2;5326;Y;;;;;text;;;text;valki-ul-1-maya-2;500;;[HTML]г. Валки, ул. 1 Мая, 2;(067) 249 09 97;;;49.8370;35.6144370;нет;4385;561;;4510;;;;;
5327;Васильков, ул. Владимирская, 53;5327;Y;;;;;text;;;text;vasilkov-ul-vladimirskaya-53;500;;[HTML]г. Васильков, ул. Владимирская, 53;(044) 498 60 20;;;50.1712;30.3286049;нет;4206;551;;4507;;;;;
5327;Васильков, ул. Владимирская, 53;5327;Y;;;;;text;;;text;vasilkov-ul-vladimirskaya-53;500;;[HTML]г. Васильков, ул. Владимирская, 53;(044) 498 60 20;;;50.1712;30.3286049;нет;4206;551;;4510;;;;;
5328;Вижница, ул. Черновола, 5;5328;Y;;;;;text;;;text;vizhnitsa-ul-chernovola-5;500;;[HTML]г. Вижница, ул. Черновола, 5;067) 693 06 61;;;48.2472;25.1820082;нет;4454;566;;4507;;;;;
5329;Винница, ул. Максимовича, 12;5329;Y;;;;;text;;;text;vinnitsa-ul-maksimovicha-12;500;;[HTML]г. Винница, ул. Максимовича, 12;(067) 208 20 50;;;49.2399;28.428804;нет;4076;543;;4507;;;;;
5330;Винница, Чехова, 25;5330;Y;;;;;text;;;text;vinnitsa-chekhova-25;500;;[HTML]г. Винница, ул. Чехова, 25;(067) 446 40 55;;;49.2270;28.5305580;нет;4076;543;;4507;;;;;
5331;Виноградов, ул. Ивана Франко, 106;5331;Y;;;;;text;;;text;vinogradov-ul-ivana-franko-106;500;;[HTML]г. Виноградов, ул. Ивана Франко, 106;(067) 440 75 08;;;48.1626;23.0224571;нет;4160;548;;4507;;;;;
5332;Виньковцы, ул. Заславская, 77;5332;Y;;;;;text;;;text;vinkovtsy-ul-zaslavskaya-77;500;;[HTML]пгт. Виньковцы, ул. Заславская, 77;(067) 440 71 76;;;49.0345;27.244465;нет;5550;563;;4507;;;;;
5333;Владимир-Волынский, ул. Луцкая, 81;5333;Y;;;;;text;;;text;vladimir-volynskiy-ul-lutskaya-81;500;;[HTML]г. Владимир-Волынский, ул. Луцкая, 81;(067) 568 98 77;;;50.8410;24.326426;нет;4090;544;;4507;;;;;
5334;Вознесенск, ул. Киевская, 247;5334;Y;;;;;text;;;text;voznesensk-ul-oktyabrskoy-revolyutsii-247;500;;[HTML]г. Вознесенск, ул. Киевская, 247 (бывшая ул. Октябрьской Революции);(067) 520 67 65;;;47.5912;31.3187511;нет;4304;555;;4507;;;;;
5335;Волочиск, ул. Копачевская, 8;5335;Y;;;;;text;;;text;volochisk-ul-kopachevskaya-8;500;;[HTML]г. Волочиск, ул. Копачевская, 8 ;;;;49.5263;26.23855;нет;4408;563;;4507;;;;;
5336;Волчанск, Рубежанское шоссе, 7;5336;Y;;;;;text;;;text;volchansk-rubezhanskoe-shosse-7;500;;[HTML]г. Волчанск, Рубежанское шоссе, 7;(067) 610 27 86;;;50.2735;36.9377397;нет;4387;561;;4507;;;;;
5336;Волчанск, Рубежанское шоссе, 7;5336;Y;;;;;text;;;text;volchansk-rubezhanskoe-shosse-7;500;;[HTML]г. Волчанск, Рубежанское шоссе, 7;(067) 610 27 86;;;50.2735;36.9377397;нет;4387;561;;4510;;;;;
5337;Киев, ст. Выдубичи, ул. Стройиндустрии, 6;5337;Y;;;;;text;;;text;kiev-st-vydubichi-ul-stroyindustrii-6;500;;[HTML]г. Киев, станция Выдубичи, ул. Стройиндустрии, 6;;;;50.4020;30.5722566;нет;4211;551;;4507;;;;;
5338;Вышгород, ул. Набережная, 1;5338;Y;;;;;text;;;text;vyshgorod-ul-naberezhnaya-1;500;;[HTML]г. Вышгород, ул. Набережная, 1;(044) 498 60 20;;;50.5866;30.497894;нет;4208;551;;4507;;;;;
5338;Вышгород, ул. Набережная, 1;5338;Y;;;;;text;;;text;vyshgorod-ul-naberezhnaya-1;500;;[HTML]г. Вышгород, ул. Набережная, 1;(067) 611 71 62;;;50.5866;30.497894;нет;4208;551;;4507;;;;;
5339;Гадяч, ул. Небесной Сотни, 69;5339;Y;;;;;text;;;text;gadyach-ul-nebesnoy-sotni-69;500;;[HTML]г. Гадяч, ул. Небесной Сотни, 69 (бывшая ул. Ленина);(067) 611 71 09;;;49.5783;34.5767040;нет;4326;557;;4507;;;;;
5339;Гадяч, ул. Небесной Сотни, 69;5339;Y;;;;;text;;;text;gadyach-ul-nebesnoy-sotni-69;500;;[HTML]г. Гадяч, ул. Небесной Сотни, 69 (бывшая ул. Ленина);(067) 611 71 09;;;49.5783;34.5767040;нет;4326;557;;4510;;;;;
5340;Гайсин, пер. Механизаторов, 2;5340;Y;;;;;text;;;text;gaysin-per-mekhanizatorov-2;500;;[HTML]г. Гайсин, переулок Механизаторов, 2 (бывший пер. 50 лет СССР)  ;(067) 622 84 66;;;48.8139;29.3812035;нет;4077;543;;4507;;;;;
5341;Глеваха, ул. Вокзальная, 11;5341;Y;;;;;text;;;text;glevakha-ul-vokzalnaya-11;500;;[HTML]пгт. Глеваха, ул. Вокзальная, 11;(067) 446 41 03;;;50.2523;30.323288;нет;5551;551;;4507;;;;;
5342;Глобино, ул. Владимирская, 186;5342;Y;;;;;text;;;text;globino-ul-vladimirskaya-186;500;;[HTML]г. Глобино, ул. Владимирская, 186;(098) 517 98 72;;;49.4025;33.220912;нет;4327;557;;4507;;;;;
5343;Борисполь, Киевский шлях, 16А;5343;Y;;;;;text;;;text;borispol-kievskiy-shlyakh-16a;500;;[HTML]г. Борисполь, ул. Киевский шлях, 16А;;;;50.3572;30.9419675;нет;4202;551;;4510;;;;;
5344;Городенка, ул. Владимира Винниченка, 103;5344;Y;;;;;text;;;text;gorodenka-ul-vladimira-vinnichenka-103;500;;[HTML]г. Городенка, ул. Владимира Винниченка, 103;(067) 353 57 09;;;48.6724;25.4962546;нет;4187;550;;4507;;;;;
5345;Городок, ул. Шевченко, 39/10;5345;Y;;;;;text;;;text;gorodok-ul-shevchenko-39-10;500;;[HTML]г. Городок, ул. Шевченко, 39/10;(067) 640 34 72;;;49.1753;26.570343;нет;4409;563;;4507;;;;;
5346;Городок, ул. Львовская, 557 А;5346;Y;;;;;text;;;text;gorodok-ul-lvovskaya-557-a;500;;[HTML]г. Городок, ул. Львовская, 557 А;(067) 679 25 06;;;49.7860;23.6808045;нет;4409;563;;4507;;;;;
5347;Горохов, ул. Грушевского, 64;5347;Y;;;;;text;;;text;gorokhov-ul-grushevskogo-64;500;;[HTML]г. Горохов, ул. Грушевского, 64 ;(067) 446 40 67;;;50.5020;24.7498431;нет;4091;544;;4507;;;;;
5347;Горохов, ул. Грушевского, 64;5347;Y;;;;;text;;;text;gorokhov-ul-grushevskogo-64;500;;[HTML]г. Горохов, ул. Грушевского, 64 ;(067) 446 40 67;;;50.5020;24.7498431;нет;4091;544;;4510;;;;;
5348;Гостомель, ул. Чкалова, 43/1;5348;Y;;;;;text;;;text;gostomel-ul-chkalova-43-1;500;;[HTML]пгт. Гостомель, ул. Чкалова, 43/1;(044) 498 60 20;;;50.5521;30.2749550;нет;5552;551;;4507;;;;;
5348;Гостомель, ул. Чкалова, 43/1;5348;Y;;;;;text;;;text;gostomel-ul-chkalova-43-1;500;;[HTML]пгт. Гостомель, ул. Чкалова, 43/1;(067) 623 05 22;;;50.5521;30.2749550;нет;5552;551;;4507;;;;;
5349;Гусятин, ул. Богдана Лепкого, 9;5349;Y;;;;;text;;;text;gusyatin-ul-bogdana-lepkogo-9;500;;[HTML]пгт. Гусятин, ул. Богдана Лепкого, 9;;;;49.0741;26.172425;нет;5553;560;;4507;;;;;
5350;Делятин, ул. 16 Июля, 18 А;5350;Y;;;;;text;;;text;delyatin-ul-16-iyulya-18-a;500;;[HTML]пгт. Делятин, ул. 16 Июля, 18 А;(067) 541 69 65;;;48.5271;24.625229;нет;5546;550;;4507;;;;;
5351;Дергачи, ул. Сумской шлях, 163 Г;5351;Y;;;;;text;;;text;dergachi-ul-petrovskogo-163-g;500;;[HTML]г. Дергачи, ул. Сумской шлях, 163 Г (бывшая ул. Петровского);(067) 568 23 25;;;50.1028;36.127294;нет;4388;561;;4507;;;;;
5352;Днепр, ул. Молодогвардейская, 6;5352;Y;;;;;text;;;text;dneprodzerzhinsk-ul-molodogvardeyskaya-6;500;;[HTML]г. Днепр, ул. Молодогвардейская, 6;;;;48.4758;35.1035685;Да;4104;545;;4510;;;;;
5353;Долина, ул. Б. Хмельницкого, 49;5353;Y;;;;;text;;;text;dolina-ul-b-khmelnitskogo-49;500;;[HTML]г. Долина, ул. Богдана Хмельницького, 49;(067) 693 06 33;;;48.9847;23.9645871;нет;4188;550;;4507;;;;;
5354;Дрогобыч, ул. Гайдамацкая, 1;5354;Y;;;;;text;;;text;drogobych-ul-gaydamatskaya-1;500;;[HTML]г. Дрогобыч, ул. Гайдамацкая, 1;(067) 568 12 88;;;49.3585;23.54205;нет;4280;554;;4507;;;;;
5355;Дубно, ул. Стефаника, 6;5355;Y;;;;;text;;;text;dubno-ul-stefanika-6;500;;[HTML]г. Дубно, ул. Стефаника, 6;(067) 622 55 61;;;50.4133;25.7154107;нет;4342;558;;4507;;;;;
5356;Дубно, ул. Михаила Грушевского, 112;5356;Y;;;;;text;;;text;dubno-ul-m-grushevskogo-112;500;;[HTML]г. Дубно, ул. Михаила Грушевского, 112;(067) 693 06 59;;;50.4065;25.759936;нет;4342;558;;4507;;;;;
5357;Дунаевцы, ул. Терешковой, 3;5357;Y;;;;;text;;;text;dunaevtsy-ul-tereshkovoy-3;500;;[HTML]г. Дунаевцы, ул. Терешковой, 3;(067) 610 87 99;;;48.8987;26.8513965;нет;4411;563;;4507;;;;;
5357;Дунаевцы, ул. Терешковой, 3;5357;Y;;;;;text;;;text;dunaevtsy-ul-tereshkovoy-3;500;;[HTML]г. Дунаевцы, ул. Терешковой, 3;(067) 610 87 99;;;48.8987;26.8513965;нет;4411;563;;4510;;;;;
5358;Жашков, ул. Победы, 4;5358;Y;;;;;text;;;text;zhashkov-ul-pobedy-4;500;;[HTML]г. Жашков, ул. Победы, 4;(067) 446 40 91;;;49.2386;30.109633;нет;4423;564;;4507;;;;;
5358;Жашков, ул. Победы, 4;5358;Y;;;;;text;;;text;zhashkov-ul-pobedy-4;500;;[HTML]г. Жашков, ул. Победы, 4;(067) 446 40 91;;;49.2386;30.109633;нет;4423;564;;4510;;;;;
5359;Желтые Воды, ул. Заводская, 1/13;5359;Y;;;;;text;;;text;zheltye-vody-ul-zavodskaya-1-13;500;;[HTML]г. Желтые Воды, ул. Заводская, 1/13;(067) 565 06 24;;;48.3519;33.4972823;нет;4105;545;;4507;;;;;
5359;Желтые Воды, ул. Заводская, 1/13;5359;Y;;;;;text;;;text;zheltye-vody-ul-zavodskaya-1-13;500;;[HTML]г. Желтые Воды, ул. Заводская, 1/13;(067) 565 06 24;;;48.3519;33.4972823;нет;4105;545;;4510;;;;;
5360;Жидачов, ул. Вокзальная, 5;5360;Y;;;;;text;;;text;zhidachov-ul-vokzalnaya-5;500;;[HTML]г. Жидачов, ул. Вокзальная, 5;(067) 611 70 46;;;49.3801;24.1545645;нет;4282;554;;4507;;;;;
5361;Жмеринка, ул. Шекинская, 78;5361;Y;;;;;text;;;text;zhmerinka-ul-shekinskaya-78;500;;[HTML]г. Жмеринка, ул. Шекинская, 78;(067) 560 89 90;;;49.0411;28.096374;нет;4078;543;;4507;;;;;
5362;Жолква, ул. Л. Украинки, 26/9;5362;Y;;;;;text;;;text;zholkva-ul-l-ukrainki-26-9;500;;[HTML]г. Жолква, ул. Леси Украинки, 26/9;(067) 632 87 54;;;50.0572;23.9537291;нет;4283;554;;4507;;;;;
5363;Запорожье, ул. Базовая, 2;5363;Y;;;;;text;;;text;zaporozhe-ul-bazovaya-2;500;;[HTML]г. Запорожье, ул. Базовая, 2;(0612) 65 41 70;;;47.8355;35.247781;нет;4175;549;;4507;;;;;
5363;Запорожье, ул. Базовая, 2;5363;Y;;;;;text;;;text;zaporozhe-ul-bazovaya-2;500;;[HTML]г. Запорожье, ул. Базовая, 2;(0612) 65 41 70;;;47.8355;35.247781;нет;4175;549;;4510;;;;;
5363;Запорожье, ул. Базовая, 2;5363;Y;;;;;text;;;text;zaporozhe-ul-bazovaya-2;500;;[HTML]г. Запорожье, ул. Базовая, 2;(067) 611 70 66;;;47.8355;35.247781;нет;4175;549;;4507;;;;;
5363;Запорожье, ул. Базовая, 2;5363;Y;;;;;text;;;text;zaporozhe-ul-bazovaya-2;500;;[HTML]г. Запорожье, ул. Базовая, 2;(067) 611 70 66;;;47.8355;35.247781;нет;4175;549;;4510;;;;;
5364;Збараж, ул. Д. Галицкого, 91;5364;Y;;;;;text;;;text;zbarazh-ul-d-galitskogo-91;500;;[HTML]г. Збараж, ул. Данилы Галицкого, 91;(067) 212 46 56;;;49.6643;25.791647;нет;4369;560;;4507;;;;;
5365;Звенигородка, ул.Благовестная, 92;5365;Y;;;;;text;;;text;zvenigorodka-ul-blagovestnaya-92;500;;[HTML]г. Звенигородка, ул.Благовестная, 92 (бывшая ул. Пролетарская);(067) 611 70 75;;;49.0726;30.968952;нет;4424;564;;4507;;;;;
5366;Змиев, пер. Железнодорожный, 22;5366;Y;;;;;text;;;text;zmiev-per-zheleznodorozhnyy-22;500;;"[HTML]г. Змиев, переулок Железнодорожный, 22
";(067) 611 37 03;;;49.6944;36.3595476;нет;4389;561;;4507;;;;;
5366;Змиев, пер. Железнодорожный, 22;5366;Y;;;;;text;;;text;zmiev-per-zheleznodorozhnyy-22;500;;"[HTML]г. Змиев, переулок Железнодорожный, 22
";(067) 611 37 03;;;49.6944;36.3595476;нет;4389;561;;4510;;;;;
5367;Знаменка, ул. Виктора Голого, 95;5367;Y;;;;;text;;;text;znamenka-ul-viktora-gologo-95;500;;[HTML]г. Знаменка, улица Виктора Голого, 95 (бывшая ул. Фрунзе);(067) 610 87 98;;;48.7138;32.70023;нет;4230;552;;4507;;;;;
5368;Золотоноша, ул. Грибоедова, 2-а;5368;Y;;;;;text;;;text;zolotonosha-ul-griboedova-2-a;500;;[HTML]г. Золотоноша, ул. Грибоедова 2 а ;(067) 693 06 40;;;49.6561;32.0745914;нет;4425;564;;4507;;;;;
5368;Золотоноша, ул. Грибоедова, 2-а;5368;Y;;;;;text;;;text;zolotonosha-ul-griboedova-2-a;500;;[HTML]г. Золотоноша, ул. Грибоедова 2 а ;(067) 693 06 40;;;49.6561;32.0745914;нет;4425;564;;4510;;;;;
5369;Измаил, ул. Гагарина, 3-а;5369;Y;;;;;text;;;text;izmail-ul-gagarina-3-a;500;;[HTML]г. Измаил, ул. Гагарина, 3-а;(067) 610 80 73;;;45.3625;28.812097;нет;4317;556;;4507;;;;;
5370;Измаил, Болградское шоссе, 27;5370;Y;;;;;text;;;text;izmail-bolgradskoe-shosse-27;500;;[HTML]г. Измаил, Болградское шоссе, 27;(067) 611 18 67;;;45.3551;28.8114524;нет;4317;556;;4507;;;;;
5371;Изюм, ул. Харьковская, 72;5371;Y;;;;;text;;;text;izyum-ul-kharkovskaya-72;500;;[HTML]г. Изюм, ул. Харьковская, 72;(067) 563 50 56;;;49.2028;37.287648;нет;4390;561;;4507;;;;;
5372;Черноморск, ул. Транспортная, 9;5372;Y;;;;;text;;;text;chernomorsk-ul-transportnaya-9;500;;[HTML]г. Черноморск, ул. Транспортная, 9;(067) 611 36 95;;;46.3231;30.6483354;нет;5559;556;;4507;;;;;
5373;Ирпень, ул. Центральная, 57;5373;Y;;;;;text;;;text;irpen-ul-tsentralnaya-57;500;;[HTML]г. Ирпень, ул. Центральная, 57;(044) 498 60 20;;;50.5230;30.245674;нет;4209;551;;4507;;;;;
5373;Ирпень, ул. Центральная, 57;5373;Y;;;;;text;;;text;irpen-ul-tsentralnaya-57;500;;[HTML]г. Ирпень, ул. Центральная, 57;(044) 498 60 20;;;50.5230;30.245674;нет;4209;551;;4510;;;;;
5373;Ирпень, ул. Центральная, 57;5373;Y;;;;;text;;;text;irpen-ul-tsentralnaya-57;500;;[HTML]г. Ирпень, ул. Центральная, 57;(067) 568 72 44;;;50.5230;30.245674;нет;4209;551;;4507;;;;;
5373;Ирпень, ул. Центральная, 57;5373;Y;;;;;text;;;text;irpen-ul-tsentralnaya-57;500;;[HTML]г. Ирпень, ул. Центральная, 57;(067) 568 72 44;;;50.5230;30.245674;нет;4209;551;;4510;;;;;
5374;Кагарлык, пер. Августовский, 9;5374;Y;;;;;text;;;text;kagarlyk-per-avgustovskiy-9;500;;[HTML]г. Кагарлык, переулок Августовский, 9 (ул. 1 Мая);(044) 498 60 20;;;49.8621;30.8192400;нет;4210;551;;4507;;;;;
5374;Кагарлык, пер. Августовский, 9;5374;Y;;;;;text;;;text;kagarlyk-per-avgustovskiy-9;500;;[HTML]г. Кагарлык, переулок Августовский, 9 (ул. 1 Мая);(044) 498 60 20;;;49.8621;30.8192400;нет;4210;551;;4510;;;;;
5375;Казатин, ул. Довженко, 107;5375;Y;;;;;text;;;text;kazatin-ul-dovzhenko-107;500;;[HTML]г. Казатин, ул. Довженко, 107;(067) 568 14 33;;;49.7215;28.813481;нет;4079;543;;4507;;;;;
5376;Калиновка, ул. Независимости, 61 А;5376;Y;;;;;text;;;text;kalinovka-ul-nezavisimosti-61-a;500;;[HTML]г. Калиновка, ул. Независимости, 61 А (бывшая Ленина);(067) 611 47 99;;;49.4523;28.5231995;нет;4080;543;;4507;;;;;
5377;Калуш, ул. Козориса, 2;5377;Y;;;;;text;;;text;kalush-ul-kozorisa-2;500;;[HTML]г. Калуш, ул. Козориса, 2;(067) 610 80 67;;;49.0162;24.354082;нет;4190;550;;4507;;;;;
5378;Каменец-Подольский, Голосковское шоссе, 1;5378;Y;;;;;text;;;text;kamenets-podolskiy-goloskovskoe-shosse-1;500;;[HTML]г. Каменец-Подольский, Голосковское шоссе, 1;(067) 610 80 59;;;48.7138;26.568276;нет;4413;563;;4507;;;;;
5379;Каменка, ул. Лермонтова, 3;5379;Y;;;;;text;;;text;kamenka-ul-lermontova-3;500;;[HTML]Черкасская обл., г. Каменка, ул. Лермонтова, 3;(067) 235 79 24;;;49.0422;32.101182;нет;4426;564;;4507;;;;;
5380;Камень-Каширский, пер. Ковельский, 2;5380;Y;;;;;text;;;text;kamen-kashirskiy-per-kovelskiy-2;500;;[HTML]г. Камень-Каширский, переулок Ковельский, 2;(067) 640 81 26;;;51.6054;24.956887;нет;4092;544;;4507;;;;;
5381;Канев, ул. Энергетиков, 113;5381;Y;;;;;text;;;text;kanev-ul-energetikov-113;500;;"[HTML]г. Канев, ул. Энергетиков, 113

";(044) 498 60 20;;;49.7571;31.434028;нет;4427;564;;4507;;;;;
5381;Канев, ул. Энергетиков, 113;5381;Y;;;;;text;;;text;kanev-ul-energetikov-113;500;;"[HTML]г. Канев, ул. Энергетиков, 113

";(044) 498 60 20;;;49.7571;31.434028;нет;4427;564;;4510;;;;;
5383;Карловка, ул. Ленина, 34;5383;Y;;;;;text;;;text;karlovka-ul-lenina-34;500;;[HTML]г. Карловка, ул. Ленина, 34;(067) 568 08 23;;;49.4556;35.1329061;нет;4330;557;;4507;;;;;
5383;Карловка, ул. Ленина, 34;5383;Y;;;;;text;;;text;karlovka-ul-lenina-34;500;;[HTML]г. Карловка, ул. Ленина, 34;(067) 568 08 23;;;49.4556;35.1329061;нет;4330;557;;4510;;;;;
5384;Каховка, ул. Декабристов, 23 в;5384;Y;;;;;text;;;text;kakhovka-ul-dekabristov-23-v;500;;[HTML]г. Каховка, ул. Декабристов, 23 в;(067) 238 13 50;;;46.8156;33.5140441;нет;4402;562;;4507;;;;;
5385;Кельменцы, ул. Сагайдачного, 94 В;5385;Y;;;;;text;;;text;kelmentsy-ul-sagaydachnogo-94-v;500;;[HTML]пгт. Кельменцы, ул. Сагайдачного, 94 В;(067) 693 06 42;;;48.4649;26.831448;нет;5554;566;;4507;;;;;
5386;Киверцы, ул. Чкалова, 61;5386;Y;;;;;text;;;text;kivertsy-ul-chkalova-61;500;;[HTML]г. Киверцы, ул. Чкалова, 61;(067) 520 67 70;;;50.8405;25.4462592;нет;4093;544;;4507;;;;;
5387;Киев, ул. Марка Вовчка, 18-А;5387;Y;;;;;text;;;text;kiev-ul-marka-vovchka-18-a;500;;[HTML]г. Киев, ул. Марка Вовчка, 18-А;(067) 640 38 75;;;50.4952;30.4759174;нет;4211;551;;4507;;;;;
5387;Киев, ул. Марка Вовчка, 18-А;5387;Y;;;;;text;;;text;kiev-ul-marka-vovchka-18-a;500;;[HTML]г. Киев, ул. Марка Вовчка, 18-А;(067) 640 38 75;;;50.4952;30.4759174;нет;4211;551;;4510;;;;;
5388;Киевская обл., с Софиевская Борщаговка, ул. Садовая, 48А;5388;Y;;;;;text;;;text;kievskaya-obl-s-sofievskaya-borshchagovka-ul-sadovaya-48a;500;;[HTML]Киевская обл., с Софиевская Борщаговка, ул. Садовая, 48А;(067) 540 98 78;;;50.4236;30.3617117;нет;5560;551;;4507;;;;;
5389;Кирилловка, ул. Советская, 27а;5389;Y;;;;;text;;;text;kirillovka-ul-sovetskaya-27a;500;;[HTML]г. Кирилловка, ул. Советская, 27а;(067) 430 66 65;;;47.8388;35.1395670;нет;5555;549;;4507;;;;;
5389;Кирилловка, ул. Советская, 27а;5389;Y;;;;;text;;;text;kirillovka-ul-sovetskaya-27a;500;;[HTML]г. Кирилловка, ул. Советская, 27а;(067) 430 66 65;;;47.8388;35.1395670;нет;5555;549;;4510;;;;;
5390;Кицмань, ул. Независимости, 98 В;5390;Y;;;;;text;;;text;kitsman-ul-nezavisimosti-98-v;500;;[HTML]г. Кицмань, ул. Независимости, 98 В;(067) 249 07 67;;;48.4334;25.7623279;нет;4457;566;;4507;;;;;
5391;Кобеляки, ул. Касьяна, 43/16;5391;Y;;;;;text;;;text;kobelyaki-ul-kasyana-43-16;500;;[HTML]г. Кобеляки, ул. Касьяна, 43/16;(067) 568 07 49;;;49.1475;34.2011575;нет;4332;557;;4507;;;;;
5391;Кобеляки, ул. Касьяна, 43/16;5391;Y;;;;;text;;;text;kobelyaki-ul-kasyana-43-16;500;;[HTML]г. Кобеляки, ул. Касьяна, 43/16;(067) 568 07 49;;;49.1475;34.2011575;нет;4332;557;;4510;;;;;
5392;Ковель, ул. Грушевского, 100;5392;Y;;;;;text;;;text;kovel-ul-grushevskogo-100;500;;[HTML]г. Ковель, ул. Михаила Грушевского, 100;(067) 521 74 68;;;51.1974;24.7398443;нет;4094;544;;4507;;;;;
5393;Ковель, ул. Я. Мудрого, 42;5393;Y;;;;;text;;;text;kovel-ul-ya-mudrogo-42;500;;[HTML]г. Ковель, ул. Ярослава Мудрого, 42;(067) 238 16 82;;;51.2090;24.6980251;нет;4094;544;;4507;;;;;
5394;Козова, ул. Приветливая, 16;5394;Y;;;;;text;;;text;kozova-ul-privetlivaya-16;500;;[HTML]пгт. Козова, ул. Приветливая, 16;(067) 249 07 57;;;49.4331;25.153513;нет;5561;560;;4507;;;;;
5395;Коломыя, ул. Симоненко, 2б;5395;Y;;;;;text;;;text;kolomyya-ul-simonenko-2b;500;;[HTML]г. Коломыя, ул. Симоненко, 2б;;;;48.5284;25.0723076;нет;4191;550;;4507;;;;;
5396;Коломыйский р-н, с. Нижний Вербиж, ул. Украинская, 2 Д;5396;Y;;;;;text;;;text;kolomyyskiy-r-n-s-nizhniy-verbizh-ul-ukrainskaya-2-d;500;;[HTML]Коломыйский р-н, с. Нижний Вербиж, ул. Украинская, 2 Д;(067) 560 90 31;;;48.5332;25.0308426;нет;5562;550;;4507;;;;;
5397;Конотоп, ул. Батуринская, 22-а;5397;Y;;;;;text;;;text;konotop-ul-baturinskaya-22-a;500;;[HTML]г. Конотоп, ул. Батуринская, 22-а;(067) 622 10 87;;;51.2494;33.2094759;нет;4357;559;;4507;;;;;
5397;Конотоп, ул. Батуринская, 22-а;5397;Y;;;;;text;;;text;konotop-ul-baturinskaya-22-a;500;;[HTML]г. Конотоп, ул. Батуринская, 22-а;(067) 622 10 87;;;51.2494;33.2094759;нет;4357;559;;4510;;;;;
5398;Конотоп, ул. Сумская, 10-б;5398;Y;;;;;text;;;text;konotop-ul-sumskaya-10-b;500;;[HTML]г. Конотоп, ул. Сумская, 10-б;(067) 566 95 37;;;51.2213;33.2212258;нет;4357;559;;4507;;;;;
5399;Житомир, район Корбутовка, ул. Черняховского, 104;5399;Y;;;;;text;;;text;zhitomir-rayon-korbutovka-ul-chernyakhovskogo-104;500;;[HTML]г. Житомир, район Корбутовка, ул. Черняховского, 104;(067) 611 36 45;;;50.2457;28.6327320;нет;4152;547;;4507;;;;;
5400;Коростень, ул. Октябрьская, 70;5400;Y;;;;;text;;;text;korosten-ul-oktyabrskaya-70;500;;[HTML]г. Коростень, ул. Октябрьская, 70;(067) 567 37 55;;;50.9724;28.6595861;нет;4153;547;;4507;;;;;
5401;Коростень, ул. Белокоровичское шоссе, 8;5401;Y;;;;;text;;;text;korosten-ul-belokorovichskoe-shosse-8;500;;[HTML]г. Коростень, ул. Белокоровичское шоссе, 8;(067) 636 83 34;;;50.9339;28.5896087;нет;4153;547;;4507;;;;;
5402;Коростышев, ул. Большевистская, 68;5402;Y;;;;;text;;;text;korostyshev-ul-bolshevistskaya-68;500;;[HTML]г. Коростышев, ул. Большевистская, 68;(067) 610 87 93;;;50.3132;29.0584517;нет;4154;547;;4507;;;;;
5402;Коростышев, ул. Большевистская, 68;5402;Y;;;;;text;;;text;korostyshev-ul-bolshevistskaya-68;500;;[HTML]г. Коростышев, ул. Большевистская, 68;(067) 610 87 93;;;50.3132;29.0584517;нет;4154;547;;4510;;;;;
5403;Корсунь-Шевченковский, ул. Ленина, 144;5403;Y;;;;;text;;;text;korsun-shevchenkovskiy-ul-lenina-144;500;;[HTML]г. Корсунь-Шевченковский, ул. Ленина, 144;(067) 611 47 87;;;49.4207;31.2717457;нет;4428;564;;4507;;;;;
5404;Корюковка, ул. Вокзальная, 23-а;5404;Y;;;;;text;;;text;koryukovka-ul-vokzalnaya-23-a;500;;[HTML]г. Корюковка, ул. Вокзальная, 23-а;(04657) 2 17 80;;;51.4982;31.2893500;нет;4443;565;;4507;;;;;
5404;Корюковка, ул. Вокзальная, 23-а;5404;Y;;;;;text;;;text;koryukovka-ul-vokzalnaya-23-a;500;;[HTML]г. Корюковка, ул. Вокзальная, 23-а;(04657) 2 17 80;;;51.4982;31.2893500;нет;4443;565;;4510;;;;;
5404;Корюковка, ул. Вокзальная, 23-а;5404;Y;;;;;text;;;text;koryukovka-ul-vokzalnaya-23-a;500;;[HTML]г. Корюковка, ул. Вокзальная, 23-а;(067) 693 05 59;;;51.4982;31.2893500;нет;4443;565;;4507;;;;;
5404;Корюковка, ул. Вокзальная, 23-а;5404;Y;;;;;text;;;text;koryukovka-ul-vokzalnaya-23-a;500;;[HTML]г. Корюковка, ул. Вокзальная, 23-а;(067) 693 05 59;;;51.4982;31.2893500;нет;4443;565;;4510;;;;;
5405;Косов, ул. Независимости, 53А/5;5405;Y;;;;;text;;;text;kosov-ul-nezavisimosti-53a-5;500;;[HTML]г. Косов, ул. Независимости, 53А/5;(067) 541 69 55;;;48.3196;25.0913676;нет;4192;550;;4507;;;;;
5406;Костополь, ул. Ровенская, 107;5406;Y;;;;;text;;;text;kostopol-ul-rovenskaya-107;500;;[HTML]г. Костополь, ул. Ровенская, 107;(067) 568 08 35;;;50.8639;26.461592;нет;4346;558;;4507;;;;;
5406;Костополь, ул. Ровенская, 107;5406;Y;;;;;text;;;text;kostopol-ul-rovenskaya-107;500;;[HTML]г. Костополь, ул. Ровенская, 107;(067) 568 08 35;;;50.8639;26.461592;нет;4346;558;;4510;;;;;
5407;Котовск, ул. 50 летия Октября, 194-в;5407;Y;;;;;text;;;text;kotovsk-ul-50-letiya-oktyabrya-194-v;500;;[HTML]г. Котовск, ул. 50 летия Октября, 194-в;(067) 627 37 22;;;46.4846;30.7326000;нет;4321;556;;4507;;;;;
5408;Краматорск, ул. Олексы Тихого, 2;5408;Y;;;;;text;;;text;kramatorsk-ul-oleksy-tikhogo-2;500;;[HTML]г. Краматорск, ул. Олексы Тихого, 2;(067) 611 48 64;;;48.7181;37.5598749;нет;4133;546;;4507;;;;;
5409;Красилов, ул. Строителей, 3;5409;Y;;;;;text;;;text;krasilov-ul-stroiteley-3;500;;[HTML]г. Красилов, ул. Строителей, 3;;;;49.6654;26.9635061;нет;4414;563;;4507;;;;;
5410;Красноград, ул. Украинская, 21-а;5410;Y;;;;;text;;;text;krasnograd-ul-ukrainskaya-21-a;500;;"[HTML]г. Красноград, ул. Украинская, 21-а
";(067) 560 55 51;;;49.3730;35.4613530;нет;4391;561;;4507;;;;;
5410;Красноград, ул. Украинская, 21-а;5410;Y;;;;;text;;;text;krasnograd-ul-ukrainskaya-21-a;500;;"[HTML]г. Красноград, ул. Украинская, 21-а
";(067) 560 55 51;;;49.3730;35.4613530;нет;4391;561;;4510;;;;;
5411;Кременец, ул. С. Петлюры, 4;5411;Y;;;;;text;;;text;kremenets-ul-s-petlyury-4;500;;[HTML]г. Кременец, ул. С. Петлюры, 4;(067) 520 67 72;;;50.1078;25.7276661;нет;4371;560;;4507;;;;;
5411;Кременец, ул. С. Петлюры, 4;5411;Y;;;;;text;;;text;kremenets-ul-s-petlyury-4;500;;[HTML]г. Кременец, ул. С. Петлюры, 4;(067) 520 67 72;;;50.1078;25.7276661;нет;4371;560;;4510;;;;;
5412;Крошня, ул. Гранитная, 10;5412;Y;;;;;text;;;text;kroshnya-ul-granitnaya-10;500;;[HTML]мкр. Крошня, ул. Гранитная, 10;;;;50.2936;28.6523901;нет;5566;547;;4507;;;;;
5413;Крыжополь, ул. Героев Украины, 123;5413;Y;;;;;text;;;text;kryzhopol-ul-k-marksa-123;500;;[HTML]пгт. Крыжополь, ул. Героев Украины (бывшая ул. Карла Маркса), 123;(067) 440 77 98;;;48.3776;28.869625;нет;5567;543;;4507;;;;;
5414;Купянск, ул. Дзержинского, 51;5414;Y;;;;;text;;;text;kupyansk-ul-dzerzhinskogo-51;500;;[HTML]г. Купянск, ул. Дзержинского, 51;(067) 622 02 70;;;49.7100;37.6163843;нет;4392;561;;4507;;;;;
5414;Купянск, ул. Дзержинского, 51;5414;Y;;;;;text;;;text;kupyansk-ul-dzerzhinskogo-51;500;;[HTML]г. Купянск, ул. Дзержинского, 51;(067) 622 02 70;;;49.7100;37.6163843;нет;4392;561;;4510;;;;;
5415;Курахово, пр-т Запорожский, 82а/6;5415;Y;;;;;text;;;text;kurakhovo-pr-t-zaporozhskiy-82a-6;500;;[HTML]г. Курахово, пр-т Запорожский, 82а/6;(067) 209 25 23;;;47.9884;37.305362;нет;5541;546;;4507;;;;;
5416;Ладыжин, ул. Базарная, 42;5416;Y;;;;;text;;;text;ladyzhin-ul-bazarnaya-42;500;;[HTML]г. Ладыжин, ул. Базарная, 42;(067) 568 11 38;;;48.6815;29.2616430;нет;4081;543;;4507;;;;;
5417;Лановцы, ул. Независимости, 43 е;5417;Y;;;;;text;;;text;lanovtsy-ul-nezavisimosti-43-e;500;;[HTML]г. Лановцы, ул. Независимости, 43 е;(067) 693 06 41;;;49.8572;26.0959727;нет;4372;560;;4507;;;;;
5417;Лановцы, ул. Независимости, 43 е;5417;Y;;;;;text;;;text;lanovtsy-ul-nezavisimosti-43-e;500;;[HTML]г. Лановцы, ул. Независимости, 43 е;(067) 693 06 41;;;49.8572;26.0959727;нет;4372;560;;4510;;;;;
5418;Лебедин, ул. Карпова, 3;5418;Y;;;;;text;;;text;lebedin-ul-karpova-3;500;;[HTML]г. Лебедин, ул. Карпова, 3;(067) 611 70 53;;;50.5813;34.4733522;нет;4358;559;;4507;;;;;
5418;Лебедин, ул. Карпова, 3;5418;Y;;;;;text;;;text;lebedin-ul-karpova-3;500;;[HTML]г. Лебедин, ул. Карпова, 3;(067) 611 70 53;;;50.5813;34.4733522;нет;4358;559;;4510;;;;;
5419;Лозовая, ул. Лесная, 14;5419;Y;;;;;text;;;text;lozovaya-ul-lesnaya-14;500;;[HTML]г. Лозовая, ул. Лесная, 14;(067) 544 38 11;;;50.0915;36.2639493;нет;4393;561;;4507;;;;;
5419;Лозовая, ул. Лесная, 14;5419;Y;;;;;text;;;text;lozovaya-ul-lesnaya-14;500;;[HTML]г. Лозовая, ул. Лесная, 14;(067) 544 38 11;;;50.0915;36.2639493;нет;4393;561;;4510;;;;;
5420;Лохвица, ул. Ленина, 102/2;5420;Y;;;;;text;;;text;lokhvitsa-ul-lenina-102-2;500;;[HTML]г. Лохвица, ул. Ленина, 102/2;(067) 440 74 02;;;50.3590;33.2763873;нет;4334;557;;4507;;;;;
5420;Лохвица, ул. Ленина, 102/2;5420;Y;;;;;text;;;text;lokhvitsa-ul-lenina-102-2;500;;[HTML]г. Лохвица, ул. Ленина, 102/2;(067) 440 74 02;;;50.3590;33.2763873;нет;4334;557;;4510;;;;;
5421;Лубны, ул. Метеорологическая, 37;5421;Y;;;;;text;;;text;lubny-ul-meteorologicheskaya-37;500;;[HTML]г. Лубны, ул. Метеорологическая, 37;(067) 567 81 32;;;50.0158;32.9831982;нет;4335;557;;4507;;;;;
5421;Лубны, ул. Метеорологическая, 37;5421;Y;;;;;text;;;text;lubny-ul-meteorologicheskaya-37;500;;[HTML]г. Лубны, ул. Метеорологическая, 37;(067) 567 81 32;;;50.0158;32.9831982;нет;4335;557;;4510;;;;;
5422;Львов, ул. Бузкова, 2;5422;Y;;;;;text;;;text;lvov-ul-buzkova-2;500;;[HTML]г. Львов, ул. Бузкова, 2;;;;49.8131;24.0555149;Да;4286;554;;4510;;;;;
5423;Львов, ул. Ковельская, 108;5423;Y;;;;;text;;;text;lvov-ul-kovelskaya-108;500;;[HTML]г. Львов, ул. Ковельская, 108;(067) 610 28 14;;;49.8673;24.0628709;нет;4286;554;;4507;;;;;
5424;Любомль, ул. Промышленная, 6 А;5424;Y;;;;;text;;;text;lyuboml-ul-promyshlennaya-6-a;500;;[HTML]г. Любомль, ул. Промышленная, 6 А;(067) 622 55 60;;;51.2330;24.0364394;нет;4096;544;;4507;;;;;
5424;Любомль, ул. Промышленная, 6 А;5424;Y;;;;;text;;;text;lyuboml-ul-promyshlennaya-6-a;500;;[HTML]г. Любомль, ул. Промышленная, 6 А;(067) 622 55 60;;;51.2330;24.0364394;нет;4096;544;;4510;;;;;
5425;Люботин, ул. Советская, 30;5425;Y;;;;;text;;;text;lyubotin-ul-sovetskaya-30;500;;[HTML]г. Люботин, ул. Советская, 30;(067) 611 70 52;;;49.9560;35.9414743;нет;4394;561;;4507;;;;;
5426;Люботин, ул. Советская, 32/2-19;5426;Y;;;;;text;;;text;lyubotin-ul-sovetskaya-32-2-19;500;;[HTML]г. Люботин, ул. Советская, 32/2-19;;;;49.9511;35.9407539;нет;4394;561;;4510;;;;;
5427;Марганец, ул. Пушкина, 15-Б;5427;Y;;;;;text;;;text;marganets-ul-pushkina-15-b;500;;[HTML]г. Марганец, ул. Пушкина, 15-Б;(067) 520 67 79;;;47.6368;34.6345100;нет;4107;545;;4507;;;;;
5427;Марганец, ул. Пушкина, 15-Б;5427;Y;;;;;text;;;text;marganets-ul-pushkina-15-b;500;;[HTML]г. Марганец, ул. Пушкина, 15-Б;(067) 520 67 79;;;47.6368;34.6345100;нет;4107;545;;4510;;;;;
5428;Мариуполь, ул. Торговая, 126;5428;Y;;;;;text;;;text;mariupol-ul-torgovaya-126;500;;[HTML]г. Мариуполь, ул. Торговая, 126;(067) 611 37 00;;;47.1061;37.5651470;нет;4137;546;;4507;;;;;
5429;Мелитополь, ул. Дзержинского, 32;5429;Y;;;;;text;;;text;melitopol-ul-dzerzhinskogo-32;500;;[HTML]г. Мелитополь, ул. Дзержинского, 32;(067) 446 40 83;;;46.8467;35.3905370;нет;4177;549;;4507;;;;;
5430;Мерефа, ул. Днепропетровская, 217;5430;Y;;;;;text;;;text;merefa-ul-dnepropetrovskaya-217;500;;[HTML]г. Мерефа, ул. Днепропетровская, 217;(067) 560 90 77;;;49.8046;36.0515826;нет;4395;561;;4507;;;;;
5430;Мерефа, ул. Днепропетровская, 217;5430;Y;;;;;text;;;text;merefa-ul-dnepropetrovskaya-217;500;;[HTML]г. Мерефа, ул. Днепропетровская, 217;(067) 560 90 77;;;49.8046;36.0515826;нет;4395;561;;4510;;;;;
5431;Миргород, ул. Котляревского, 3;5431;Y;;;;;text;;;text;mirgorod-ul-kotlyarevskogo-3;500;;[HTML]г. Миргород, ул. Котляревского, 3;(067) 622 62 88;;;49.9564;33.6139949;нет;4336;557;;4507;;;;;
5432;Мироновка, ул. Казацкая, 2;5432;Y;;;;;text;;;text;mironovka-ul-kazatskaya-2;500;;[HTML]г. Мироновка, ул. Казацкая, 2;(067) 611 71 51;;;49.4179;26.9910591;нет;4212;563;;4507;;;;;
5433;Млинов, ул. Ватутина, 38;5433;Y;;;;;text;;;text;mlynov-ul-vatutina-38;500;;[HTML]пгт. Млинов, ул. Ватутина, 38;(067) 622 55 61;;;50.5085;25.611445;нет;5569;558;;4507;;;;;
5434;Могилев-Подольский, ул. Пушкинская, 41/62;5434;Y;;;;;text;;;text;mogilev-podolskiy-ul-pushkinskaya-41-62;500;;[HTML]пгт. Могилев-Подольский, ул. Пушкинская, 41/62;(067) 568 99 19;;;48.4517;27.7964652;нет;4082;543;;4507;;;;;
5435;Мостиска, ул. Галицкая, 22;5435;Y;;;;;text;;;text;mostiska-ul-galitskaya-22;500;;[HTML]г. Мостиска, ул. Галицкая, 22;(067) 632 87 64;;;49.7923;23.1536401;нет;4287;554;;4507;;;;;
5436;Мурованое, ул. Вокзальная, 20;5436;Y;;;;;text;;;text;murovanoe-ul-vokzalnaya-20;500;;[HTML]с. Мурованое, ул. Вокзальная, 20;(067) 610 27 90;;;49.8858;24.0926510;нет;5570;554;;4507;;;;;
5437;Надворная, ул. Шевченко, 94;5437;Y;;;;;text;;;text;nadvornaya-ul-shevchenko-94;500;;[HTML]г. Надворная, ул. Шевченко, 94;(067) 520 93 52;;;48.6269;24.5832610;нет;4193;550;;4507;;;;;
5438;Нежин, пер. Лекарский, 7 В;5438;Y;;;;;text;;;text;nezhin-per-lekarskiy-7-v;500;;[HTML]г. Нежин, пер. Лекарский, 7 В;(044) 498 60 20;;;51.0378;31.8880995;нет;4445;565;;4507;;;;;
5439;Николаев, ул. Львовское шоссе, 1;5439;Y;;;;;text;;;text;nikolaev-ul-lvovskoe-shosse-1;500;;[HTML]г. Николаев, ул. Львовское шоссе, 1;(067) 371 61 30;;;49.8397;24.0297170;нет;5577;554;;4507;;;;;
5440;Николаев, ул. Чигрина, 29-в;5440;Y;;;;;text;;;text;nikolaev-ul-chigrina-29-v;500;;[HTML]г. Николаев, ул. Чигрина, 29-в;(067) 611 18 65;;;46.9588;31.9937720;нет;4305;555;;4507;;;;;
5441;Николаев, ул. Гмырева, 8 д;5441;Y;;;;;text;;;text;nikolaev-ul-gmyreva-8-d;500;;[HTML]г. Николаев, ул. Гмырева, 8 д;;;;46.9529;32.0687198;Да;4305;555;;4510;;;;;
5442;Никополь, ул. Лесная, 1 а;5442;Y;;;;;text;;;text;nikopol-ul-lesnaya-1-a;500;;[HTML]г. Никополь, ул. Лесная, 1 а;(067) 521 74 45;;;47.5856;34.4117680;нет;4108;545;;4507;;;;;
5442;Никополь, ул. Лесная, 1 а;5442;Y;;;;;text;;;text;nikopol-ul-lesnaya-1-a;500;;[HTML]г. Никополь, ул. Лесная, 1 а;(067) 521 74 45;;;47.5856;34.4117680;нет;4108;545;;4510;;;;;
5443;Никополь, пр-т Трубников, 56Д/6;5443;Y;;;;;text;;;text;nikopol-pr-t-trubnikov-56d-6;500;;[HTML]г. Никополь, проспект Трубников, 56Д/6;(067) 610 27 92;;;47.5692;34.3892920;нет;4108;545;;4507;;;;;
5444;Новоград-Волынский, ул. Е. Пчилки, 3;5444;Y;;;;;text;;;text;novograd-volynskiy-ul-e-pchilki-3;500;;[HTML]г. Новоград-Волынский, ул. Е. Пчилки, 3;(067) 610 28 09;;;50.5933;27.6117646;нет;4156;547;;4507;;;;;
5444;Новоград-Волынский, ул. Е. Пчилки, 3;5444;Y;;;;;text;;;text;novograd-volynskiy-ul-e-pchilki-3;500;;[HTML]г. Новоград-Волынский, ул. Е. Пчилки, 3;(067) 610 28 09;;;50.5933;27.6117646;нет;4156;547;;4510;;;;;
5445;Новоград-Волынский, ул. Житомирская, 100;5445;Y;;;;;text;;;text;novograd-volynskiy-ul-zhitomirskaya-100;500;;[HTML]г. Новоград-Волынский, ул. Житомирская, 100;(067) 622 18 89;;;50.5895;27.6390588;нет;4156;547;;4507;;;;;
5446;Новомиргород, ул. 40 лет Победы, 2;5446;Y;;;;;text;;;text;novomirgorod-ul-40-let-pobedy-2;500;;[HTML]г. Новомиргород, ул. 40 лет Победы, 2;(067) 642 71 52;;;48.7907;31.6582633;нет;4233;552;;4507;;;;;
5447;Новомиргород, ул. 40 лет Победы, 3;5447;Y;;;;;text;;;text;novomirgorod-ul-40-let-pobedy-3;500;;[HTML]г. Новомиргород, ул. 40 лет Победы, 3;;;;48.7907;31.6582633;нет;4233;552;;4510;;;;;
5448;Новоселица, ул. Котовского, 75;5448;Y;;;;;text;;;text;novoselitsa-ul-kotovskogo-75;500;;[HTML]г. Новоселица, ул. Котовского, 75;;;;48.2254;26.2719595;нет;4459;566;;4507;;;;;
5449;Новояворовск, ул. А.Шептицкого, 1;5449;Y;;;;;text;;;text;novoyarovsk-ul-a-sheptitskogo-1;500;;[HTML]г. Новояворовск, ул. А.Шептицкого, 1;(067) 610 80 47;;;49.9284;23.565631;нет;5571;554;;4507;;;;;
5450;Новый Буг, ул. Антоновского полка, 34;5450;Y;;;;;text;;;text;novyy-bug-ul-antonovskogo-polka-34;500;;[HTML]г. Новый Буг, ул. Антоновского полка, 34;(067) 568 23 69;;;47.6895;32.5343317;нет;4307;555;;4507;;;;;
5451;Новый Роздол, ул. Винниченка, 14;5451;Y;;;;;text;;;text;novyy-rozdol-ul-vinnichenka-14;500;;[HTML]г. Новый Роздол, ул. Винниченка, 14;(067) 610 81 84;;;49.4690;24.1355976;нет;5573;554;;4507;;;;;
5452;Обухов, ул. Промышленная, 14а;5452;Y;;;;;text;;;text;obukhov-ul-promyshlennaya-14a;500;;[HTML]г. Обухов, ул. Промышленная, 14а;(04595) 9 81 30;;;50.1343;30.7365179;нет;4213;551;;4507;;;;;
5452;Обухов, ул. Промышленная, 14а;5452;Y;;;;;text;;;text;obukhov-ul-promyshlennaya-14a;500;;[HTML]г. Обухов, ул. Промышленная, 14а;(04595) 9 81 30;;;50.1343;30.7365179;нет;4213;551;;4510;;;;;
5452;Обухов, ул. Промышленная, 14а;5452;Y;;;;;text;;;text;obukhov-ul-promyshlennaya-14a;500;;[HTML]г. Обухов, ул. Промышленная, 14а;(067) 565 09 71;;;50.1343;30.7365179;нет;4213;551;;4507;;;;;
5452;Обухов, ул. Промышленная, 14а;5452;Y;;;;;text;;;text;obukhov-ul-promyshlennaya-14a;500;;[HTML]г. Обухов, ул. Промышленная, 14а;(067) 565 09 71;;;50.1343;30.7365179;нет;4213;551;;4510;;;;;
5453;Овруч, ул. Б. Хмельницкого, 34;5453;Y;;;;;text;;;text;ovruch-ul-b-khmelnitskogo-34;500;;[HTML]г. Овруч, ул. Б. Хмельницкого, 34;(067) 394 59 74;;;51.3217;28.8111578;нет;4157;547;;4507;;;;;
5454;Одесса, 7-й км. Тираспольского шоссе;5454;Y;;;;;text;;;text;odessa-7-y-km-tiraspolskogo-shosse;500;;[HTML]г. Одесса, 7-й км. Тираспольского шоссе;(067) 642 69 22;;;46.4846;30.7326000;нет;4322;556;;4507;;;;;
5455;Одесса, Овидиопольский р-н, ул. Академика Вильямса, 86;5455;Y;;;;;text;;;text;odessa-ovidiopolskiy-r-n-ul-akademika-vilyamsa-86;500;;[HTML]г. Одесса, Овидиопольский р-н, ул. Академика Вильямса, 86;(067) 610 88 12;;;46.4846;30.7326000;нет;4322;556;;4507;;;;;
5456;Олевск, ул. Гетьмана Выговского, 36 Г;5456;Y;;;;;text;;;text;olevsk-ul-getmana-vygovskogo-36-g;500;;[HTML]г. Олевск, ул. Гетьмана Выговского, 36 Г;(067) 642 71 67;;;51.2229;27.652242;нет;5576;547;;4507;;;;;
5456;Олевск, ул. Гетьмана Выговского, 36 Г;5456;Y;;;;;text;;;text;olevsk-ul-getmana-vygovskogo-36-g;500;;[HTML]г. Олевск, ул. Гетьмана Выговского, 36 Г;(067) 642 71 67;;;51.2229;27.652242;нет;5576;547;;4510;;;;;
5457;Орджоникидзе, ул. Уральская, 5;5457;Y;;;;;text;;;text;ordzhonikidze-ul-uralskaya-5;500;;[HTML]г. Орджоникидзе, ул. Уральская, 5;(067) 610 27 88;;;47.6573;34.0944303;нет;4110;545;;4507;;;;;
5457;Орджоникидзе, ул. Уральская, 5;5457;Y;;;;;text;;;text;ordzhonikidze-ul-uralskaya-5;500;;[HTML]г. Орджоникидзе, ул. Уральская, 5;(067) 610 27 88;;;47.6573;34.0944303;нет;4110;545;;4510;;;;;
5458;Орехов, ул. Р. Люксембург, 2г;5458;Y;;;;;text;;;text;orekhov-ul-r-lyuksemburg-2g;500;;[HTML]г. Орехов, ул. Р. Люксембург, 2г;(067) 520 93 43;;;47.5647;35.8037603;нет;4179;549;;4507;;;;;
5459;Осокорки мкр., ул. Садовая, 180;5459;Y;;;;;text;;;text;osokorki-mkr-ul-sadovaya-180;500;;[HTML]мкр. Осокорки, ул. Садовая, 180;(067) 640 38 69;;;50.3746;30.5287970;нет;4211;551;;4507;;;;;
5459;Осокорки мкр., ул. Садовая, 180;5459;Y;;;;;text;;;text;osokorki-mkr-ul-sadovaya-180;500;;[HTML]мкр. Осокорки, ул. Садовая, 180;(067) 640 38 69;;;50.3746;30.5287970;нет;4211;551;;4510;;;;;
5460;Осторг, ул. Древлянская, 81;5460;Y;;;;;text;;;text;ostorg-ul-drevlyanskaya-81;500;;[HTML]г. Осторг, ул. Древлянская, 81;(067) 642 73 79;;;50.3340;26.5080707;нет;4348;558;;4507;;;;;
5460;Осторг, ул. Древлянская, 81;5460;Y;;;;;text;;;text;ostorg-ul-drevlyanskaya-81;500;;[HTML]г. Осторг, ул. Древлянская, 81;(067) 642 73 79;;;50.3340;26.5080707;нет;4348;558;;4510;;;;;
5461;Пасечная, с. Угринов, массив Возле Радиозавода;5461;Y;;;;;text;;;text;pasechnaya-s-ugrinov-massiv-vozle-radiozavoda;500;;[HTML]Пасечная, с. Угринов, массив Возле Радиозавода;;;;48.9521;24.690976;нет;5578;550;;4507;;;;;
5462;Первомайск, ул. Каменномостовская, 5;5462;Y;;;;;text;;;text;pervomaysk-ul-kamennomostovskaya-5;500;;[HTML]г. Первомайск, ул. Каменномостовская, 5;(067) 622 10 89;;;48.0161;30.8458704;нет;4309;555;;4507;;;;;
5463;Первомайский, ул. Полевая, 1;5463;Y;;;;;text;;;text;pervomayskiy-ul-polevaya-1;500;;[HTML]г. Первомайский, ул. Полевая, 1;(067) 642 71 70;;;49.3791;36.204091;нет;4396;561;;4507;;;;;
5463;Первомайский, ул. Полевая, 1;5463;Y;;;;;text;;;text;pervomayskiy-ul-polevaya-1;500;;[HTML]г. Первомайский, ул. Полевая, 1;(067) 642 71 70;;;49.3791;36.204091;нет;4396;561;;4510;;;;;
5464;Переяслав-Хмельницкий, ул. Героев Днепра, 31;5464;Y;;;;;text;;;text;pereyaslav-khmelnitskiy-ul-geroev-dnepra-31;500;;[HTML]г. Переяслав-Хмельницкий, ул. Героев Днепра, 31;(044) 498 60 20;;;50.0579;31.4398464;нет;4214;551;;4507;;;;;
5464;Переяслав-Хмельницкий, ул. Героев Днепра, 31;5464;Y;;;;;text;;;text;pereyaslav-khmelnitskiy-ul-geroev-dnepra-31;500;;[HTML]г. Переяслав-Хмельницкий, ул. Героев Днепра, 31;(067) 611 18 72;;;50.0579;31.4398464;нет;4214;551;;4507;;;;;
5465;Пирятин, ул. Европейская, 152;5465;Y;;;;;text;;;text;piryatin-ul-evropeyskaya-152;500;;[HTML]г. Пирятин, ул. Европейская, 152;(067) 238 15 56;;;50.2329;32.5137786;нет;4337;557;;4507;;;;;
5466;Покровск, ул. Защитников Украины, 4;5466;Y;;;;;text;;;text;pokrovsk-ul-zashchitnikov-ukrainy-4;500;;[HTML]г. Покровск, ул. Защитников Украины, 4;(067) 622 55 47;;;48.2611;37.1943752;нет;4134;546;;4507;;;;;
5467;Пологи, ул. Интернациональная, 2;5467;Y;;;;;text;;;text;pologi-ul-internatsionalnaya-2;500;;[HTML]г. Пологи, ул. Интернациональная, 2;(067) 611 36 40;;;47.4877;36.2168237;нет;4180;549;;4507;;;;;
5468;Полтава, ул. Маршала Бирюзова, 51;5468;Y;;;;;text;;;text;poltava-ul-marshala-biryuzova-51;500;;[HTML]г. Полтава, ул. Маршала Бирюзова, 51;(0532) 61 09 68;;;49.5998;34.5071092;нет;4338;557;;4507;;;;;
5468;Полтава, ул. Маршала Бирюзова, 51;5468;Y;;;;;text;;;text;poltava-ul-marshala-biryuzova-51;500;;[HTML]г. Полтава, ул. Маршала Бирюзова, 51;(067) 520 46 45;;;49.5998;34.5071092;нет;4338;557;;4507;;;;;
5469;Полтава, ул. Зиньковская, 21;5469;Y;;;;;text;;;text;poltava-ul-zinkovskaya-21;500;;[HTML]г. Полтава, ул. Зиньковская, 21;(067) 610 45 77;;;49.6066;34.5293045;нет;4338;557;;4507;;;;;
5470;Прилуки, ул. Киевская, 265;5470;Y;;;;;text;;;text;priluki-ul-kievskaya-265;500;;[HTML]г. Прилуки, ул. Киевская, 265;(044) 498 60 20;;;50.5955;32.3814549;нет;4448;565;;4507;;;;;
5470;Прилуки, ул. Киевская, 265;5470;Y;;;;;text;;;text;priluki-ul-kievskaya-265;500;;[HTML]г. Прилуки, ул. Киевская, 265;(067) 634 09 95;;;50.5955;32.3814549;нет;4448;565;;4507;;;;;
5471;Прилуки, ул. Ю. Коптева, 59;5471;Y;;;;;text;;;text;priluki-ul-yu-kopteva-59;500;;[HTML]г. Прилуки, ул. Ю. Коптева, 59;(044) 498 60 20;;;50.5888;32.3815781;нет;4448;565;;4507;;;;;
5471;Прилуки, ул. Ю. Коптева, 59;5471;Y;;;;;text;;;text;priluki-ul-yu-kopteva-59;500;;[HTML]г. Прилуки, ул. Ю. Коптева, 59;(067) 524 37 87;;;50.5888;32.3815781;нет;4448;565;;4507;;;;;
5472;Пустомыты, ул. Глинская, 14;5472;Y;;;;;text;;;text;pustomyty-ul-glinskaya-14;500;;[HTML]г. Пустомыты, ул. Глинская, 14;(067) 642 73 85;;;49.7286;23.8981294;нет;4289;554;;4507;;;;;
5473;Пятихатки, ул. Грушевского, 41;5473;Y;;;;;text;;;text;pyatikhatki-ul-grushevskogo-41;500;;[HTML]г. Пятихатки, ул. Грушевского, 41;(067) 611 70 45;;;48.4011;33.703487;нет;4115;545;;4507;;;;;
5473;Пятихатки, ул. Грушевского, 41;5473;Y;;;;;text;;;text;pyatikhatki-ul-grushevskogo-41;500;;[HTML]г. Пятихатки, ул. Грушевского, 41;(067) 611 70 45;;;48.4011;33.703487;нет;4115;545;;4510;;;;;
5474;Радехов, ул. Транзитная, 9;5474;Y;;;;;text;;;text;radekhov-ul-tranzitnaya-9;500;;[HTML]г. Радехов, ул. Транзитная, 9;(067) 693 06 46;;;50.2864;24.6309741;нет;4291;554;;4507;;;;;
5475;Радомышль, ул. Горсовета, 62;5475;Y;;;;;text;;;text;radomyshl-ul-gorsoveta-62;500;;[HTML]г. Радомышль, ул. Горсовета, 62;;;;50.5045;29.2335123;нет;4158;547;;4507;;;;;
5475;Радомышль, ул. Горсовета, 62;5475;Y;;;;;text;;;text;radomyshl-ul-gorsoveta-62;500;;[HTML]г. Радомышль, ул. Горсовета, 62;;;;50.5045;29.2335123;нет;4158;547;;4510;;;;;
5476;Раздельная, ул. 40 лет Победы, 18;5476;Y;;;;;text;;;text;razdelnaya-ul-40-let-pobedy-18;500;;[HTML]г. Раздельная, ул. 40 лет Победы, 18;(067) 636 83 28;;;46.4846;30.7326000;нет;5582;556;;4507;;;;;
5477;Рахов, ул. Мира, 1;5477;Y;;;;;text;;;text;rakhov-ul-mira-1;500;;[HTML]г. Рахов, ул. Мира, 1;(067) 353 56 17;;;48.0552;24.2052811;нет;4164;548;;4507;;;;;
5478;Ровно, Строителей, 1;5478;Y;;;;;text;;;text;rovno-stroiteley-1;500;;[HTML]г. Ровно, Строителей, 1;;;;50.6404;26.2683360;Да;4350;558;;4510;;;;;
5479;Рогатин, ул. Галицкая, 126 Л;5479;Y;;;;;text;;;text;rogatin-ul-galitskaya-126-l;500;;[HTML]г. Рогатин, ул. Галицкая, 126 Л;(067) 541 74 71;;;49.4099;24.6106017;нет;4194;550;;4507;;;;;
5480;Ромны, б-р Московский, 11-В;5480;Y;;;;;text;;;text;romny-b-r-moskovskiy-11-v;500;;[HTML]г. Ромни, Московський бульвар, 11;(067) 523 62 98;;;50.7530;33.4718284;нет;4360;559;;4507;;;;;
5480;Ромны, б-р Московский, 11-В;5480;Y;;;;;text;;;text;romny-b-r-moskovskiy-11-v;500;;[HTML]г. Ромни, Московський бульвар, 11;(067) 523 62 98;;;50.7530;33.4718284;нет;4360;559;;4510;;;;;
5481;Самбор, ул. Шевченко, 52/8;5481;Y;;;;;text;;;text;sambor-ul-shevchenko-52-8;500;;[HTML]г. Самбор, ул. Шевченко, 52/8;(067) 520 67 71;;;49.5145;23.1866253;нет;4293;554;;4507;;;;;
5482;Скадовск, ул. Шмидта, 42;5482;Y;;;;;text;;;text;skadovsk-ul-shmidta-42;500;;[HTML]г. Скадовск, ул. Шмидта, 42;(067) 575 43 81;;;46.1161;32.9327824;нет;4404;562;;4507;;;;;
5482;Скадовск, ул. Шмидта, 42;5482;Y;;;;;text;;;text;skadovsk-ul-shmidta-42;500;;[HTML]г. Скадовск, ул. Шмидта, 42;(067) 575 43 81;;;46.1161;32.9327824;нет;4404;562;;4510;;;;;
5483;Сквыра, ул. Р. Люксембург, 66;5483;Y;;;;;text;;;text;skvyra-ul-r-lyuksemburg-66;500;;[HTML]г. Сквыра, ул. Р. Люксембург, 66;(044) 498 60 20;;;49.7246;29.6722070;нет;4217;551;;4507;;;;;
5483;Сквыра, ул. Р. Люксембург, 66;5483;Y;;;;;text;;;text;skvyra-ul-r-lyuksemburg-66;500;;[HTML]г. Сквыра, ул. Р. Люксембург, 66;(044) 498 60 20;;;49.7246;29.6722070;нет;4217;551;;4510;;;;;
5483;Сквыра, ул. Р. Люксембург, 66;5483;Y;;;;;text;;;text;skvyra-ul-r-lyuksemburg-66;500;;[HTML]г. Сквыра, ул. Р. Люксембург, 66;(067) 610 80 69;;;49.7246;29.6722070;нет;4217;551;;4507;;;;;
5483;Сквыра, ул. Р. Люксембург, 66;5483;Y;;;;;text;;;text;skvyra-ul-r-lyuksemburg-66;500;;[HTML]г. Сквыра, ул. Р. Люксембург, 66;(067) 610 80 69;;;49.7246;29.6722070;нет;4217;551;;4510;;;;;
5484;Сколе, ул. Б. Хмельницкого, 22 В;5484;Y;;;;;text;;;text;skole-ul-b-khmelnitskogo-22-v;500;;[HTML]г. Сколе, ул. Б. Хмельницкого, 22 В;(067) 616 99 12;;;49.0387;23.5084154;нет;4294;554;;4507;;;;;
5485;Славутич, проезд Каштановый, 1/1;5485;Y;;;;;text;;;text;slavutich-proezd-kashtanovyy-1-1;500;;[HTML]г. Славутич, проезд Каштановый, 1/1;(04579) 2 21 26;;;51.5203;30.7443356;нет;4218;551;;4507;;;;;
5485;Славутич, проезд Каштановый, 1/1;5485;Y;;;;;text;;;text;slavutich-proezd-kashtanovyy-1-1;500;;[HTML]г. Славутич, проезд Каштановый, 1/1;(04579) 2 21 26;;;51.5203;30.7443356;нет;4218;551;;4510;;;;;
5485;Славутич, проезд Каштановый, 1/1;5485;Y;;;;;text;;;text;slavutich-proezd-kashtanovyy-1-1;500;;[HTML]г. Славутич, проезд Каштановый, 1/1;(067) 430 57 64;;;51.5203;30.7443356;нет;4218;551;;4507;;;;;
5485;Славутич, проезд Каштановый, 1/1;5485;Y;;;;;text;;;text;slavutich-proezd-kashtanovyy-1-1;500;;[HTML]г. Славутич, проезд Каштановый, 1/1;(067) 430 57 64;;;51.5203;30.7443356;нет;4218;551;;4510;;;;;
5486;Славянск, ул. Добровольского, 26/1;5486;Y;;;;;text;;;text;slavyansk-ul-dobrovolskogo-26-1;500;;[HTML]г. Славянск, ул. Добровольского, 26/1;(050) 871 90 56;;;48.8488;37.59259;нет;4141;546;;4507;;;;;
5487;Смела, ул. Октябрьская, 77;5487;Y;;;;;text;;;text;smela-ul-oktyabrskaya-77;500;;[HTML]г. Смела, ул. Октябрьская, 77;(067) 524 37 94;;;49.2084;31.8723910;нет;4430;564;;4507;;;;;
5487;Смела, ул. Октябрьская, 77;5487;Y;;;;;text;;;text;smela-ul-oktyabrskaya-77;500;;[HTML]г. Смела, ул. Октябрьская, 77;(067) 524 37 94;;;49.2084;31.8723910;нет;4430;564;;4510;;;;;
5488;Смолянка, ул. И. Гонты, 16/1;5488;Y;;;;;text;;;text;smolyanka-ul-i-gonty-16-1;500;;[HTML]с. Смолянка, ул. И. Гонты, 16/1;(067) 627 26 44;;;50.2343;28.702898;нет;5589;547;;4507;;;;;
5489;Снятин, ул. Завалевская, 1/3а;5489;Y;;;;;text;;;text;snyatin-ul-zavalevskaya-1-3a;500;;[HTML]г. Снятин, ул. Завалевская, 1/3а;(067) 440 71 37;;;48.4347;25.5852827;нет;5545;566;;4507;;;;;
5490;Староконстантинов, ул. Грушевского, 11;5490;Y;;;;;text;;;text;starokonstantinov-ul-grushevskogo-11;500;;[HTML]г. Староконстантинов, ул. Грушевского, 11;(067) 610 28 01;;;49.7543;27.2184606;нет;4418;563;;4507;;;;;
5491;Сторожинец, ул. Кобылянской, 40 а;5491;Y;;;;;text;;;text;storozhinets-ul-kobylyanskoy-40-a;500;;[HTML]г. Сторожинец, ул. Кобылянской, 40 а;;;;48.1582;25.7269008;нет;4461;566;;4507;;;;;
5492;Стрильбичи, ул. Яблоневая, 1;5492;Y;;;;;text;;;text;strilbichi-ul-yablonevaya-1;500;;[HTML]Стрильбичи, ул. Яблоневая, 1;(067) 446 40 84;;;49.8397;24.0297170;нет;5585;554;;4507;;;;;
5493;Стрый, ул. Нижанковского, 5;5493;Y;;;;;text;;;text;stryy-ul-nizhankovskogo-5;500;;[HTML]г. Стрый, ул. Нижанковского, 5;(067) 627 73 22;;;49.2657;23.8463397;нет;4297;554;;4507;;;;;
5494;Стрый, ул. Сколевская, 25а;5494;Y;;;;;text;;;text;stryy-ul-skolevskaya-25a;500;;[HTML]г. Стрый, ул. Сколевская, 25а;(067) 446 40 95;;;49.2449;23.8402654;нет;4297;554;;4507;;;;;
5495;Сумы, ул. Тополянская, 18;5495;Y;;;;;text;;;text;sumy-ul-topolyanskaya-18;500;;[HTML]г. Сумы, ул. Тополянская, 18;(067) 611 48 70;;;50.9325;34.8119620;нет;4362;559;;4507;;;;;
5496;Сумы, ул. Черниговская, 3;5496;Y;;;;;text;;;text;sumy-ul-chernigovskaya-3;500;;[HTML]г. Сумы, ул. Черниговская, 3;(067) 611 48 69;;;50.9317;34.7512326;нет;4362;559;;4507;;;;;
5497;Татарбунары, ул. Капитана Салтикова, 51;5497;Y;;;;;text;;;text;tatarbunary-ul-kapitana-saltikova-51;500;;[HTML]г. Татарбунары, ул. Капитана Салтикова, 51;(067) 693 06 32;;;46.4846;30.7326000;нет;4323;556;;4507;;;;;
5498;Теребовля, ул. Сечевых Стрельцов, 63г;5498;Y;;;;;text;;;text;terebovlya-ul-sechevykh-streltsov-63g;500;;[HTML]г. Теребовля, ул. Сечевых Стрельцов, 63г;(067) 249 07 47;;;49.2917;25.6923906;нет;4379;560;;4507;;;;;
5498;Теребовля, ул. Сечевых Стрельцов, 63г;5498;Y;;;;;text;;;text;terebovlya-ul-sechevykh-streltsov-63g;500;;[HTML]г. Теребовля, ул. Сечевых Стрельцов, 63г;(067) 249 07 47;;;49.2917;25.6923906;нет;4379;560;;4510;;;;;
5499;Тернополь, с. Петриков, ул. Шептицкого, 1-В;5499;Y;;;;;text;;;text;ternopol-s-petrikov-ul-sheptitskogo-1-v;500;;[HTML]г. Тернополь, с. Петриков, ул. Шептицкого, 1-В;(067) 693 06 45;;;49.5245;25.5824370;нет;4378;560;;4507;;;;;
5500;Трускавец, ул. И. Мазепы, 21;5500;Y;;;;;text;;;text;truskavets-ul-i-mazepy-21;500;;[HTML]г. Трускавец, ул. Ивана Мазепы, 21;(067) 610 27 83;;;49.2854;23.5154268;нет;4298;554;;4507;;;;;
5501;Тульчин, ул. Ленина, 67а;5501;Y;;;;;text;;;text;tulchin-ul-lenina-67a;500;;[HTML]г. Тульчин, ул. Ленина, 67а;(067) 524 22 96;;;48.6740;28.8563795;нет;4085;543;;4507;;;;;
5502;Ужгород, ул. Гагарина, 30;5502;Y;;;;;text;;;text;uzhgorod-ul-gagarina-30;500;;[HTML]г. Ужгород, ул. Гагарина, 30;;;;48.6066;22.3075435;нет;4167;548;;4507;;;;;
5503;Умань, ул. Каштановая, 24;5503;Y;;;;;text;;;text;uman-ul-kashtanovaya-24;500;;[HTML]г. Умань, ул. Каштановая, 24;(067) 611 70 59;;;48.7281;30.2349430;нет;4432;564;;4507;;;;;
5504;Фастов, ул. Кирова, 34;5504;Y;;;;;text;;;text;fastov-ul-kirova-34;500;;[HTML]г. Фастов, ул. Кирова, 34;(044) 498 60 20;;;50.0824;29.9285037;нет;4223;551;;4507;;;;;
5504;Фастов, ул. Кирова, 34;5504;Y;;;;;text;;;text;fastov-ul-kirova-34;500;;[HTML]г. Фастов, ул. Кирова, 34;(067) 539 87 00;;;50.0824;29.9285037;нет;4223;551;;4507;;;;;
5505;Фонтанка, ул. Гагарина, 2 а;5505;Y;;;;;text;;;text;fontanka-ul-gagarina-2-a;500;;[HTML]с. Фонтанка, ул. Гагарина, 2 а;(067) 640 34 38;;;46.5651;30.8037450;нет;5586;556;;4507;;;;;
5506;Харьков, ул. Клочковская, 370;5506;Y;;;;;text;;;text;kharkov-ul-klochkovskaya-370;500;;[HTML]г. Харьков, ул. Клочковская, 370;(067) 446 40 94;;;50.0533;36.1854590;нет;4397;561;;4507;;;;;
5507;Харьков, ул. Морозова, 21;5507;Y;;;;;text;;;text;kharkov-ul-morozova-21;500;;[HTML]г. Харьков, ул. Морозова, 21;(067) 632 85 60;;;49.9492;36.2853050;нет;4397;561;;4507;;;;;
5508;Херсон, Николаевское шоссе, 5 км;5508;Y;;;;;text;;;text;kherson-nikolaevskoe-shosse-5-km;500;;[HTML]г. Херсон, Николаевское шоссе, 5 км;(067) 611 18 63;;;46.6354;32.6168670;нет;4406;562;;4507;;;;;
5508;Херсон, Николаевское шоссе, 5 км;5508;Y;;;;;text;;;text;kherson-nikolaevskoe-shosse-5-km;500;;[HTML]г. Херсон, Николаевское шоссе, 5 км;(067) 611 18 63;;;46.6354;32.6168670;нет;4406;562;;4510;;;;;
5509;Хмельник, ул. Тимирязева, 5а;5509;Y;;;;;text;;;text;khmelnik-ul-timiryazeva-5a;500;;[HTML]г. Хмельник, ул. Тимирязева, 5а;(067) 622 54 43;;;49.5510;27.9382714;нет;4086;543;;4507;;;;;
5510;Хмельницкий, ул. Винницкая, 54;5510;Y;;;;;text;;;text;khmelnitskiy-ul-vinnitskaya-54;500;;[HTML]г. Хмельницкий, ул. Винницкая, 54;(067) 238 19 96;;;49.4268;27.0465845;нет;4419;563;;4507;;;;;
5511;Хмельницкий, ул. О. Кобылянской, 35;5511;Y;;;;;text;;;text;khmelnitskiy-ul-o-kobylyanskoy-35;500;;[HTML]г. Хмельницкий, ул. О. Кобылянской, 35;;;;49.3993;26.9667870;Да;4419;563;;4510;;;;;
5512;Хмельницкий, ул. Курчатова, 14;5512;Y;;;;;text;;;text;khmelnitskiy-ul-kurchatova-14;500;;[HTML]г. Хмельницкий, ул. Курчатова, 14;(067) 693 05 57;;;49.4388;26.9504521;нет;4419;563;;4507;;;;;
5513;Хотин, ул. Грушевского, 2а;5513;Y;;;;;text;;;text;khotin-ul-grushevskogo-2a;500;;[HTML]г. Хотин, ул. Грушевского, 2а;(067) 642 69 24;;;48.5097;26.4903334;нет;4462;566;;4507;;;;;
5514;Хуст, ул. Рыльского, 34;5514;Y;;;;;text;;;text;khust-ul-rylskogo-34;500;;[HTML]г. Хуст, ул. Рыльского, 34;(067) 622 85 00;;;48.1735;23.2972476;нет;4168;548;;4507;;;;;
5515;Цыркуны, ул. Кирова, 1;5515;Y;;;;;text;;;text;tsyrkuny-ul-kirova-1;500;;[HTML]с. Цыркуны, ул. Кирова, 1;(067) 249 07 80;;;50.0728;36.37587;нет;5588;561;;4507;;;;;
5516;Чабаны, ул. Машиностроителей, 1;5516;Y;;;;;text;;;text;chabany-ul-mashinostroiteley-1;500;;[HTML]пгт. Чабаны, ул. Машиностроителей, 1;(067) 430 68 71;;;50.3450;30.42186;нет;5590;551;;4507;;;;;
5516;Чабаны, ул. Машиностроителей, 1;5516;Y;;;;;text;;;text;chabany-ul-mashinostroiteley-1;500;;[HTML]пгт. Чабаны, ул. Машиностроителей, 1;(067) 430 68 71;;;50.3450;30.42186;нет;5590;551;;4510;;;;;
5517;Черкассы, ул. Смилянская, 149;5517;Y;;;;;text;;;text;cherkassy-ul-smilyanskaya-149;500;;[HTML]г. Черкассы, ул. Смилянская, 149;(067) 446 41 02;;;49.4054;32.0183775;нет;4434;564;;4507;;;;;
5518;Черкассы, ул. Чигиринская, 524;5518;Y;;;;;text;;;text;cherkassy-ul-chigirinskaya-524;500;;[HTML]г. Черкассы, ул. Чигиринская, 524;(067) 538 02 68;;;49.4091;32.1102905;нет;4434;564;;4507;;;;;
5519;Черновцы, пер. Складской, 11;5519;Y;;;;;text;;;text;chernovtsy-per-skladskoy-11;500;;[HTML]г. Черновцы, пер. Складской, 11;(050) 177 25 29;;;48.2605;25.9600805;нет;4463;566;;4507;;;;;
5520;Черновцы, ул. Коломойская, 4а;5520;Y;;;;;text;;;text;chernovtsy-ul-kolomoyskaya-4a;500;;[HTML]г. Черновцы, ул. Коломойская, 4а;(067) 371 82 94;;;48.3297;25.9120640;нет;4463;566;;4507;;;;;
5521;Чортков, ул. Князя Владимира Великого, 29;5521;Y;;;;;text;;;text;chortkov-ul-knyazya-vladimira-velikogo-29;500;;[HTML]г. Чортков, ул. Князя Владимира Великого, 29;(067) 610 80 71;;;49.0154;25.7666987;нет;4380;560;;4507;;;;;
5522;Чугуев, ул. Ждановского, 13;5522;Y;;;;;text;;;text;chuguev-ul-zhdanovskogo-13;500;;[HTML]г. Чугуев, ул. Ждановского, 13;(067) 627 38 11;;;49.8381;36.6871568;нет;4398;561;;4507;;;;;
5523;Шацк, ул. 50 лет Победы, 5;5523;Y;;;;;text;;;text;shatsk-ul-50-let-pobedy-5;500;;[HTML]пгт. Шацк, ул. 50 лет Победы, 5;(067) 693 06 60;;;51.4833;23.919369;нет;5591;544;;4507;;;;;
5524;Шепетовка, ул. Линника, 74;5524;Y;;;;;text;;;text;shepetovka-ul-linnika-74;500;;[HTML]г. Шепетовка, ул. Линника, 74;(067) 568 35 77;;;50.1675;27.0730486;нет;4420;563;;4507;;;;;
5525;Шировцы, ул. Новоселицкая, 12а;5525;Y;;;;;text;;;text;shirovtsy-ul-novoselitskaya-12a;500;;[HTML]с. Шировцы, ул. Новоселицкая, 12а;(067) 353 56 30;;;48.4257;26.298388;нет;5592;566;;4507;;;;;
5526;Шпола, ул. Таранца, 20;5526;Y;;;;;text;;;text;shpola-ul-tarantsa-20;500;;[HTML]г. Шпола, ул. Таранца, 20;(067) 568 12 99;;;49.0131;31.3915341;нет;4436;564;;4507;;Металлобаза;;;
5526;Шпола, ул. Таранца, 20;5526;Y;;;;;text;;;text;shpola-ul-tarantsa-20;500;;[HTML]г. Шпола, ул. Таранца, 20;(067) 568 12 99;;;49.0131;31.3915341;нет;4436;564;;4510;;Металлобаза;;;
5527;Энергодар, ул. Комунальная, 7;5527;Y;;;;;text;;;text;energodar-ul-komunalnaya-7;500;;[HTML]г. Энергодар, ул. Комунальная, 7;(067) 610 28 04;;;47.8388;35.1395670;нет;4183;549;;4507;;;;;
5528;Константиновка, Арбузинский р-н, ул. Дружбы, 47;5528;Y;;;;;text;;;text;konstantinovka-arbuzinskiy-r-n-ul-druzhby-47;500;;[HTML]Николаевская обл., Арбузинский р-н, пгт. Константиновка, ул. Дружбы, 47;(067) 238 98 07;;;47.8296;31.156587;нет;5563;555;;4507;;;;;
5529;Яготин, ул. Киевская, 3;5529;Y;;;;;text;;;text;yagotin-ul-kievskaya-3;500;;[HTML]г. Яготин, ул. Киевская, 3;(044) 498 60 20;;;50.2360;31.7809210;нет;4225;551;;4507;;;;;
5529;Яготин, ул. Киевская, 3;5529;Y;;;;;text;;;text;yagotin-ul-kievskaya-3;500;;[HTML]г. Яготин, ул. Киевская, 3;(067) 611 36 39;;;50.2360;31.7809210;нет;4225;551;;4507;;;;;
